employee_id|employee_name|region|total_sales|effectiveness
1|Angela Marks|North|75912.6|0.73
2|Richard Ayala|South|55019.09|0.88
3|Dr. Mark Bailey|South|37066.43|0.66
4|Mark Miller|South|47485.74|0.74
5|Zachary Bond|West|74696.77|0.65
6|Joanna Roberts|North|28973.34|0.69
7|Jessica Williams|East|10295.13|0.68
8|Mitchell Thomas|East|71050.8|0.014106605374129836
9|Calvin Nguyen|South|44159.28|0.7
10|Sarah Jones|North|44059.92|0.77
11|Michelle Roberts|North|30947.42|0.92
12|Connie Jenkins|South|40818.4|0.85
13|James Drake|West|90471.63|0.7
14|Edward Cooper|South|65005.4|0.66
15|Grace Smith|North|14682.21|0.82
16|Ashlee Mcdaniel|South|68332.82|0.66
17|Gregory Gutierrez|South|37293.39|0.87
18|Michael Garza|East|70786.83|0.6
19|Mark Bentley|East|18645.14|0.84
20|Lisa Taylor|West|56554.73|0.66
21|Jill Mcdonald|East|19042.52|0.77
22|Samantha Wallace|North|54407.34|0.93
23|Michelle Hernandez|South|70666.37|0.83
24|Bridget Chapman|North|13438.87|0.83
25|Frank Walker|North|37720.77|0.75
26|Thomas Oliver|West|10783.09|0.78
27|Jason Gonzalez|North|22210.78|0.91
28|Jaime Chang|South|49647.12|0.68
29|Gabriel Scott|West|53952.69|0.89
30|Renee Howard|West|63906.86|0.86
31|Derrick Ross|East|81313.45|0.77
32|Lisa Potts|East|72684.68|0.76
33|Dr. Scott Grant|East|24360.67|0.79
34|Thomas Vega|North|61649.49|0.81
35|Melissa Rogers|North|27109.95|0.09622416743627658
36|James Gibson|North|285711.5944624418|0.82
37|Sonya Donaldson|South|76720.7|0.7
38|Bethany White|West|96073.51|0.62
39|James Johnson|North|56564.59|0.83
40|Robert Lucas|South|34962.55|0.74
41|Richard Cabrera|West|13386.25|0.68
42|Tracy Hutchinson|South|26233.94|0.72
43|Joseph Jennings|East|16822.62|0.67
44|Maria Hernandez|South|29464.58|0.72
45|William Rios|East|30705.67|0.91
46|Sherry Williams|South|24719.14|0.75
47|John Rodriguez|East|30607.63|0.88
48|Joseph Johnson|North|13011.85|0.75
49|Rebecca Evans|South|58340.14|0.6
50|Amy Hebert|East|45286.02|0.71
51|Jason Rivera|West|62591.41|0.91
52|Gary Duncan|North|50050.6|0.8
53|William Saunders|East|79134.65|0.67
54|Nathan Gibson|South|79164.46|0.61
55|Joseph Hill|North|96861.57|0.87
56|Andrea Nelson|West|92244.56|0.94
57|Kelly Goodwin|North|55034.61|0.81
58|Scott Logan|South|31357.62|0.74
59|Jennifer Ramirez|East|53577.37|0.71
60|Madeline Weber|South|11773.32|0.94
61|Jerry Ramos|West|75044.71|0.62
62|Steven Estrada|East|79866.23|0.9
63|Miranda Williams|South|79743.24|0.61
64|Theresa Howard|West|47026.52|0.79
65|Christina Kelley|North|50245.51|0.88
66|Christopher Holmes|North|63845.78|0.78
67|Maria Rose|East|74538.46|0.7
68|Brandon Lewis|North|87205.38|0.68
69|Meagan Salas|South|92977.19|0.93
70|William Hines|East|97620.05|0.82
71|Sarah Robbins|South|42437.93|0.81
72|James Griffin|East|93640.49|0.82
73|Valerie Reilly|West|49639.25|0.92
74|Tammy Murphy|South|90246.52|0.81
75|Christopher Crane|North|76838.87|0.68
76|Erica Bryan|West|19619.17|0.94
77|Jeremy Robles|North|16230.79|0.9
78|Cynthia Hull|South|74020.04|0.85
79|Christopher Buckley|East|40595.01|0.64
80|Gabrielle Pratt|East|70179.87|0.82
81|Vincent Shields|West|74116.69|0.92
82|Mackenzie Frederick|North|98232.48|0.77
83|Donna Costa|West|23945.63|0.62
84|Brian Hansen|West|55689.67|0.9
85|Frances Wilson|East|41253.66|0.84
86|Ricky Harmon|North|55615.67|0.89
87|Darlene Wolfe|North|40451.96|0.92
88|Christopher Taylor|West|74176.71|0.78
89|Brett Barker|West|72479.53|0.84
90|Timothy Johnson|West|98065.63|0.83
91|Sarah Robinson|West|17704.54|0.89
92|Angela Hunt|North|73844.21|0.7
93|Teresa Rodriguez|East|30902.56|0.72
94|Michelle Acosta|North|95451.49|0.73
95|Samantha Collier|South|23379.91|0.61
96|Denise Howard|West|43998.62|0.62
97|Angela Adams|North|64231.79|0.85
98|Margaret Carson|South|35540.44|0.75
99|Deborah Davidson|West|47090.8|0.63
100|Alexis Moran|West|16604.98|0.77
101|Barbara Brown|West|95636.59|0.87
102|Douglas Fleming|South|94213.77|0.73
103|Erica Taylor|North|79382.31|0.61
104|Scott Reed|South|89060.89|0.61
105|Joshua Wiley|North|15839.59|0.62
106|Angela Crawford|East|66359.04|0.82
107|Karen Smith|South|45934.2|0.7
108|Jamie Dyer|North|44928.92|0.92
109|Lindsey Chapman|South|21847.86|0.94
110|Robert Franklin|South|89649.38|0.62
111|Benjamin Hanson|East|41050.85|0.66
112|Matthew Kelly|East|18581.24|0.61
113|Jeffrey Hunter|South|99733.89|0.77
114|Dale Rangel|South|73473.41|0.74
115|Caitlin Barnes|North|24346.64|0.74
116|Brian Murphy|South|57322.2|0.67
117|Jason Blevins|East|88834.52|0.89
118|Wyatt Wilson|South|75681.5|0.94
119|Denise Daniel|East|32145.55|0.78
120|Dennis Smith|East|28748.64|0.8
121|Brian Miller|West|70060.18|0.81
122|John Yang|East|87636.89|0.89
123|Gloria Bates|South|57468.52|0.94
124|Mark Booker|West|58656.91|0.66
125|Heather Sanchez|South|94496.74|0.81
126|Bradley Buckley|West|21310.02|0.81
127|Brandon Cline|West|12202.56|0.71
128|Tonya Molina|South|18123.08|0.78
129|Matthew Bell|East|86997.03|0.74
130|Marcus Garcia|North|18772.11|0.62
131|Phillip Turner|East|29146.47|0.9
132|Jason Riddle|East|11008.41|0.93
133|Bradley Parker|East|50046.2|0.84
134|Elizabeth Hall|East|92792.44|0.91
135|Michael Giles|South|73239.42|0.68
136|Mary Liu|South|44979.97|0.82
137|Eric Carr|West|91918.0|0.93
138|Michelle Jones|South|45942.39|0.71
139|John David|North|58459.94|0.72
140|Michael Phillips|West|39446.94|0.86
141|Catherine Mills|East|59338.09|0.76
142|Norman Horton|North|48871.09|0.71
143|Savannah Zhang|South|81385.7|0.66
144|Kenneth Williams|South|35984.87|0.78
145|Brenda Walters|South|85916.97|0.76
146|Roger Dixon|South|18400.23|0.91
147|Kristy Rogers|West|20238.61|0.63
148|Lee Russell|South|19310.89|0.86
149|Andrew Watson|North|37920.59|0.95
150|Teresa James|South|84756.7|0.83
151|Sarah Estrada|North|80861.81|0.76
152|Shannon Jenkins|West|26234.17|0.64
153|Cynthia Owen|East|81619.12|0.94
154|Juan Brown|West|27656.46|0.73
155|Alexandra Waller|South|47005.26|0.91
156|Destiny Diaz|North|47144.88|0.74
157|Jessica Hart|East|86349.06|0.84
158|Jessica Brennan|South|52206.57|0.73
159|Ryan Johnson|South|26632.38|0.69
160|Jennifer Ruiz|South|78128.02|0.88
161|Anthony Stephenson|South|42620.46|0.82
162|Alexander Marshall|South|12790.61|0.64
163|Nicole Smith|North|106089.69665177645|0.77
164|Emma Ward|West|33787.86|0.9
165|Megan Manning|East|92164.8|0.89
166|Richard Williams|North|61784.15|0.78
167|David May|South|84461.74|0.89
168|Christopher Armstrong|West|39995.68|0.71
169|Rick Green|South|74769.77|0.68
170|Michael Brown|North|90334.82|0.73
171|Mrs. Ashley Medina|West|81502.98|0.86
172|Brittany Owens|West|63160.9|0.93
173|Mary Johnson|North|11392.71|0.91
174|Dr. Autumn Christensen|East|78223.56|0.71
175|Travis Aguilar|East|38471.73|0.66
176|Matthew Owens|East|37269.41|0.71
177|Kathleen Hill|East|18025.45|0.73
178|Jennifer Wilson|North|87217.89|0.82
179|Alexander Charles|West|87907.73|0.72
180|Dr. Pamela Dougherty|South|55481.52|0.68
181|Mark Riddle|North|50770.58|0.73
182|Felicia Richards|North|34256.11|0.89
183|Matthew Blackburn|North|65386.1|0.87
184|Gary Hendrix|South|30107.44|0.95
185|Daniel Leonard|East|83445.11|0.86
186|Steven Wallace Jr.|South|24959.72|0.79
187|Jeffrey Norman|East|81121.66|0.8
188|Ross Price|East|11331.22|0.8
189|Ronald Mcmillan|East|77424.79|0.69
190|Russell Hampton|South|61567.96|0.7
191|Michael Meyer|East|18984.13|0.87
192|Mary Powell|West|74614.11|0.85
193|Diane Anderson|West|68906.5|0.87
194|Thomas Reynolds|East|38881.88|0.69
195|Marcus Castro|West|15813.74|0.84
196|Melissa Cochran|West|35544.63|0.84
197|Timothy Brewer|East|88843.67|0.6
198|Veronica Osborn|West|27573.48|0.88
199|Christine Clayton|South|95643.17|0.84
200|Chris Cortez MD|East|47546.7|0.71
201|Kyle Sampson|South|60756.76|0.87
202|Jerry Cline|South|81731.94|0.92
203|James Park|West|13810.6|0.7
204|Jeffrey Barker MD|South|15107.59|0.9
205|Mark Williams|South|40568.62|0.83
206|Roberto Fletcher|West|18275.19|0.83
207|Eric Dillon|East|48419.37|0.68
208|Kellie Garner|South|99876.14|0.71
209|Patrick James|North|70201.61|0.63
210|Ronald Fowler|West|91741.4|0.63
211|Leslie Gibbs|West|72607.24|0.94
212|Nicholas Ramirez|West|20583.06|0.7
213|Rebecca Stevens|West|60011.92|0.9
214|Cody Spence|North|48587.25|0.83
215|Nancy Bates|East|23034.07|0.68
216|Gary Powers|South|77252.83|0.61
217|Wayne Russo|West|56633.57|0.95
218|Ryan Hansen|East|38642.52|0.03331373388892445
219|Donna Johnson|West|20154.68|0.76
220|Anthony Anderson|East|26489.07|0.87
221|William Clark|North|80040.58|0.93
222|Dennis Downs|West|41403.65|0.89
223|Richard Whitaker|West|89924.44|0.75
224|Joyce Moore|North|47405.83|0.76
225|Alexander Morris|North|29526.42|0.9
226|Alyssa Bell|South|98540.8|0.87
227|Ryan Sparks|West|29779.45|0.94
228|Haley Ramsey|South|98193.42|0.67
229|Jennifer Scott|North|67187.63|0.85
230|Denise Perez|North|72013.78|0.72
231|Nicholas Matthews|West|46126.74|0.67
232|Ray Armstrong|North|38365.01|0.61
233|Donald Campbell|East|44394.92|0.85
234|Jonathan Hernandez|North|70707.56|0.6
235|Lisa Buchanan|West|19926.08|0.72
236|Natalie Wright|South|89600.31|0.69
237|Lauren Thompson|East|55636.77|0.7
238|Erin Warner|East|14101.99|0.72
239|Samantha Ferrell|West|67165.78|0.77
240|Matthew Lee|South|67676.19|0.76
241|Crystal Robinson|West|51662.56|0.73
242|Richard Jones|West|26320.65|0.72
243|Tiffany Bradley|West|79593.68|0.73
244|Robert Wallace|East|23947.31|0.76
245|Tyler Hunter|South|94146.04|0.93
246|Patricia Mcknight|North|64813.72|0.75
247|Terry Mitchell|South|34058.28|0.91
248|Robert Harrington|North|35107.78|0.72
249|Catherine Long|East|85299.46|0.68
250|Nicole Wood|South|43473.7|0.83
251|Allison Simpson|East|66359.87|0.88
252|Lauren Alvarado|East|18178.93|0.75
253|Stephanie Acevedo|South|38836.88|0.66
254|Alexander Bryant|South|67391.58|0.61
255|Timothy Bates|West|90713.97|0.83
256|John Scott|South|89373.25|0.88
257|Eric Bradley|South|42518.92|0.66
258|Kristen Gonzales|South|73313.4|0.75
259|Angela Patterson|West|41159.97|0.69
260|Bonnie Rose|East|92541.21|0.8
261|Taylor Armstrong|East|31895.270194586035|0.94
262|James Jones|South|81193.69|0.79
263|Beverly Smith|South|78971.72|0.72
264|Rachel Simpson|South|97479.56|0.78
265|Dustin Anderson|North|75990.37|0.81
266|Richard Hurley|North|90986.8|0.66
267|Adam Gutierrez|West|30962.38|0.94
268|Monique Gutierrez|South|58232.56|0.85
269|Christopher Williams|East|46117.11|0.61
270|Trevor Simpson|East|26487.32|0.66
271|Susan Perkins|West|23865.54|0.053349795872740566
272|Joseph Newton|South|17749.02|0.79
273|Pamela Smith|West|21750.84|0.78
274|Charles Sharp|West|18225.14|0.79
275|Amy Meyer|East|22239.42|0.84
276|Lisa Peterson|South|40207.55|0.93
277|Robert Cox|North|57250.59|0.63
278|Gary Reid|East|92892.67|0.76
279|James Smith|North|88562.54|0.94
280|James Mora|North|54702.57|0.84
281|Jonathan Good|East|43126.78|0.95
282|Patrick Turner|South|92585.57|0.86
283|Tiffany Rodgers|North|77858.4|0.72
284|Jessica Rhodes|North|81074.2|0.86
285|Christopher Jones|West|53211.92|0.71
286|Richard May|South|42817.1|0.66
287|Samantha Knight|North|11714.45|0.79
288|Shawn Hamilton|West|11976.6|0.91
289|Amanda Boyle|West|54440.22|0.78
290|Patrick Macias|South|37439.81|0.64
291|Brian Jones|North|10844.35|0.9
292|Jennifer Ramirez|South|81982.11|0.79
293|Rebecca Perez|North|24303.08|0.7
294|Kevin Lyons|East|73520.29|0.67
295|Brian Campbell|West|96437.39|0.75
296|Nancy Turner|South|58967.81|0.71
297|Anthony Swanson|West|34467.09|0.77
298|Yolanda Nelson|North|49529.72|0.87
299|Brittany Lucas|West|18657.29|0.89
300|Joseph Reed|South|94183.91|0.7
301|Chris Smith|South|52704.63|0.64
302|Miss Erica Horne|South|87998.78|0.94
303|Colleen Coffey|East|93021.43|0.77
304|Earl Parker|West|41871.92|0.67
305|Kevin Payne|South|66494.25|0.6
306|Dylan Maxwell|South|20944.66|0.67
307|Marissa Stewart|West|75258.54|0.83
308|Jason Li|South|89210.04|0.73
309|Jessica Roberts|West|89714.06|0.85
310|Joshua Harrison|North|96164.58|0.6
311|James Johnson|West|86936.99|0.63
312|Joseph Coleman|South|91121.54|0.84
313|Destiny Gardner|West|45377.17|0.67
314|Karl Clark|South|29931.06|0.84
315|Alexander Graham|West|17643.08|0.86
316|Carl Clark|West|24509.57|0.76
317|Christopher Phillips|South|41608.66|0.8
318|Sara Brooks|West|41472.6|0.65
319|John Wiley|East|59338.06|0.64
320|Laura Lara|North|15086.17|0.69
321|Teresa Johnson|North|91475.81|0.73
322|Teresa Davis|West|55049.74|0.83
323|Gary Tran|South|91489.49|0.74
324|Adam Mcclure|North|11708.81|0.62
325|Betty Hendricks|West|19172.47|0.8
326|Mr. Joseph Miller|West|45339.83|0.69
327|Karen Lewis|East|59824.3|0.95
328|Jeremy Ray|North|46063.94|0.72
329|Aaron Foley|North|60057.21|0.86
330|Dylan Vega|East|43067.98|0.85
331|Russell Osborne|North|44346.44|0.67
332|Danielle Ayers|South|57275.98|0.71
333|Mr. James Figueroa|East|24464.91|0.6
334|Bethany Berry|East|62871.66|0.81
335|Paige Lawrence|West|20278.64|0.68
336|Daniel Dodson|East|62419.7|0.91
337|Paula Paul|East|31452.82|0.72
338|Ricardo Mathews|South|26450.74|0.79
339|Fernando Bennett|East|81695.39|0.9
340|Julie Ford|South|40759.09|0.68
341|Jonathan Austin|South|31017.37|0.91
342|Brooke Moore|South|73488.59|0.83
343|Alexandra Ward|North|87429.65|0.64
344|Laura Tucker|North|66666.21|0.61
345|Angela Lewis|North|53586.9|0.62
346|Taylor Nunez|North|33926.2|0.63
347|Lisa Rivas|East|10106.1|0.74
348|Curtis Schultz|North|13468.92|0.68
349|Susan Salinas|East|78118.65|0.68
350|Mark Espinoza|West|89934.22|0.61
351|Nathan Sullivan|North|85896.47|0.85
352|Wendy Mahoney|West|58108.54|0.94
353|Connie Cobb|West|28839.4|0.95
354|Deborah Martinez|South|62465.12|0.78
355|Michael Gardner|North|53003.05|0.87
356|Wendy Rhodes|North|85629.86|0.75
357|Peter Barber|East|55593.59|0.81
358|Dean Navarro|East|60857.21|0.67
359|Joshua Davis|East|50356.73|0.65
360|Melissa Mcintosh|South|93021.74|0.82
361|Katherine Ortiz|East|18415.81|0.77
362|Richard Jones|West|80720.29|0.93
363|Ryan Kelly|East|21724.15|0.92
364|Thomas Gomez|East|50153.03|0.73
365|Chris Flores|South|98488.53|0.87
366|Christopher Mendoza|North|65399.37|0.61
367|Brian Clark|North|92571.53|0.82
368|Jeffrey Newton|West|28870.73|0.65
369|Angela Brown|North|41922.39|0.81
370|Cristian Patterson|East|36930.37|0.77
371|Kyle Barnett|East|29469.18|0.9
372|Richard White|East|94196.27|0.85
373|Erica Gray|North|87536.71|0.88
374|Sheila Sanders|North|82944.86|0.63
375|Joyce Whitaker|East|96299.08|0.67
376|Courtney Lynn|South|21335.61|0.67
377|Ryan Nash|South|95777.95|0.6
378|Anthony Crawford|West|82586.72|0.72
379|Ethan Hutchinson|East|85714.69|0.61
380|Eric Shaffer|North|42210.35|0.83
381|Emily Rodriguez|South|79861.13|0.7
382|Jennifer Aguilar|West|33230.2|0.69
383|Sara Morris|North|19297.3|0.87
384|Stacy Sims|South|25120.09|0.69
385|Miranda Williamson|East|29703.29|0.62
386|Thomas Anderson|West|79116.1|0.79
387|Laura Summers|South|65174.19|0.63
388|Steven Delgado|South|25580.26|0.95
389|Jenny Lopez|East|13456.02|0.74
390|Keith Foster|South|30648.29|0.82
391|Tyrone Olson|North|95089.33|0.72
392|Devin Miller|East|48489.23|0.64
393|Terri Yu|West|56876.84|0.62
394|Amy Pineda|North|48320.49|0.69
395|Michael Horton|West|96740.76|0.9
396|Noah Daniels|East|33736.97|0.84
397|William Higgins|North|14211.76|0.74
398|Linda Reynolds|South|53350.01|0.89
399|Jessica Stevens|North|12693.98|0.92
400|Donald Warren|West|52821.07|0.81
401|James Doyle|West|91149.87|0.64
402|Bradley Murray|West|72395.38|0.83
403|Laura King|North|96232.76|0.77
404|Casey Wilson|East|65655.63|0.82
405|Andrew Carter|East|63070.99|0.8
406|Heather Wood|North|55510.61|0.93
407|Adrian Cannon|North|36961.56|0.64
408|Jeremiah Perez|North|77083.42|0.62
409|Joshua Lewis DDS|North|78510.54|0.88
410|Patricia Martin|West|13399.75|0.64
411|Terri Daniels|South|59876.75|0.92
412|Lindsay Hayes|South|34055.87|0.77
413|Nichole Cook|West|50383.17|0.93
414|Aaron Howard|East|66310.2|0.94
415|Billy Robinson|East|73751.31|0.88
416|Allison Hall|South|59046.17|0.89
417|Beverly Chen|West|45698.22|0.87
418|Kimberly Guerra|South|11369.84|0.75
419|Donna Williams|South|53845.98|0.9
420|Mr. Christopher Jones|South|86006.25|0.84
421|Alan Stanton|West|15543.7|0.94
422|Stephanie Jones|North|76658.75|0.93
423|Daisy Jacobson|South|50230.34|0.6
424|Ronald Bennett|North|37710.85|0.78
425|Sergio Caldwell|South|33355.99|0.86
426|Linda Roberts|West|48640.85|0.87
427|Tammy Burnett|South|64787.97|0.84
428|Amber Carpenter|South|15010.91|0.86
429|Rachel Smith|South|92751.44|0.62
430|Bonnie Cooper|North|12011.93|0.9
431|Brandi Baker|West|38778.33|0.88
432|Janet Hansen|North|25172.49|0.01406719060579744
433|Sabrina Turner|West|69108.31|0.79
434|Jamie Mckinney|East|78738.71|0.92
435|Harry Warren|East|36982.52|0.73
436|Robyn Davis|East|37830.56|0.77
437|Cindy Howard|East|91987.91|0.85
438|Evan Russell|East|92450.91|0.92
439|George Weaver|West|87555.54|0.85
440|John Hernandez|South|94842.55|0.86
441|Don Lara|East|18212.74|0.94
442|Austin Skinner|North|84853.57|0.62
443|Doris Cruz|East|38843.29|0.88
444|Carol Adams|North|72463.86|0.64
445|Miss Alyssa Barber MD|North|72830.91|0.68
446|Edward Smith|East|61007.6|0.93
447|Peter Cortez|South|41035.36|0.9
448|Christopher Robinson|East|52615.03|0.77
449|William Jones|North|40854.53|0.86
450|Matthew Smith|South|37401.59|0.94
451|Richard Johnson|East|97358.99|0.87
452|Linda Barnes|South|43367.39|0.93
453|Katie Miller|West|88252.45|0.95
454|Bob Browning|East|59060.06|0.71
455|Daniel Thompson|West|40914.24|0.67
456|Michael Welch|West|20346.56|0.79
457|Marilyn Mills|East|78556.7|0.79
458|Anna Werner|South|19065.92|0.64
459|Thomas Lopez|West|32083.17|0.85
460|Steven Lopez|North|51153.98|0.82
461|Cassandra Smith|East|23725.17|0.85
462|Isaac Williams|South|36399.29|0.66
463|Erica Mcbride|East|50259.07|0.84
464|Jeffrey Lee|West|27123.25|0.82
465|Eric Harrison|West|28595.44|0.78
466|Ashley Zuniga|North|34463.19|0.88
467|Michele Ruiz|West|19697.58|0.65
468|Sherri Stevens|West|27565.1|0.91
469|Theresa Turner|West|15157.17|0.71
470|Timothy White DVM|East|44900.13|0.62
471|Brian Morgan|South|80928.78|0.87
472|Danny Hernandez|North|67065.08|0.81
473|Seth Price|South|88201.68|0.88
474|Amy Ray|North|39635.51|0.88
475|Casey Mack|West|49975.76|0.8
476|Amy Ingram|South|29643.54|0.91
477|Fred Wade|South|41198.45|0.74
478|Tiffany Ellis|South|26453.79|0.86
479|Daniel Green|West|12634.28|0.76
480|Grace Schroeder|West|61044.76|0.74
481|Leonard Lee|North|34983.98|0.81
482|Eric Hayes|East|44205.17|0.8
483|Brian King|East|45699.62|0.89
484|Kathleen Hunter|South|43856.49|0.81
485|Anthony Brewer|South|92631.53|0.87
486|Michael Williams|West|87840.45|0.84
487|William Roberts|North|24492.26|0.63
488|Brandon Hardy|North|53441.69|0.75
489|Samuel Smith|South|41273.64|0.76
490|Jerry Johnson|South|69001.25|0.93
491|David Fox|West|98170.3|0.69
492|Carrie May|East|63616.14|0.84
493|Ryan Le|West|76019.0|0.77
494|Kristen Rivera|West|92836.57|0.78
495|Charles Barton|South|10660.96|0.92
496|Nicholas Gill|North|78425.0|0.6
497|Brittany Hansen|North|13365.47|0.61
498|Misty Roberts|West|28648.58|0.76
499|Anthony Dunn|North|19569.91|0.92
500|Heather Miller|South|83818.07|0.81
501|Aaron Castillo|West|73924.56|0.71
502|Joseph Simpson|North|70731.22|0.71
503|Kenneth Duarte|West|38819.62|0.8
504|Jaime Taylor|East|90246.83|0.76
505|Margaret Johnson|West|50055.45|0.73
506|Carlos Hudson|East|22289.54|0.79
507|Shawn Pennington|South|58168.19|0.81
508|Zachary Evans|West|71069.51|0.93
509|Troy Carpenter|South|68464.12|0.69
510|Jacqueline Smith|East|83905.62|0.85
511|Kimberly Wilson|South|19280.23|0.94
512|Felicia Johnson|South|67940.28|0.95
513|Denise Kirby|West|25876.11|0.95
514|Patrick Hall|North|46308.16|0.8
515|Ryan Gray|West|27170.82|0.76
516|Christina Bowers|South|49781.96|0.9
517|Michelle Nguyen|West|97778.24|0.9
518|Joseph Williamson|South|80044.13|0.66
519|Nicholas Smith|West|58150.54|0.84
520|Andrew Marquez|East|30263.88|0.9
521|Brittany Lopez|East|86658.67|0.77
522|Noah Rose|North|81257.49|0.85
523|Ricky Fields|East|84563.72|0.64
524|Christian Gonzalez|North|50817.37|0.65
525|Pamela Morgan|North|40493.77|0.94
526|Tamara Evans|South|75367.55|0.62
527|Matthew Anderson|North|33868.74|0.77
528|Karen Johnson|North|77790.19|0.89
529|Lisa White|East|15011.17|0.73
530|Brandi Stewart|West|46577.16|0.64
531|Eric Lewis|East|25049.37|0.89
532|Amanda Solis|East|63096.59|0.91
533|Mark Wood|South|57698.86|0.62
534|Stephanie Pierce|South|44860.78|0.88
535|Caitlin Cruz|West|88448.42|0.69
536|Bradley Rhodes|East|55701.03|0.67
537|Allen Sullivan|West|95389.52|0.69
538|Justin Larson|East|59498.07|0.69
539|Manuel Parker|East|73309.56|0.8
540|Joel Donaldson|North|83313.5|0.89
541|Carrie Randolph|South|68395.4|0.79
542|Ryan Russell|South|44310.14|0.74
543|Tracy Dean|West|35584.57|0.89
544|Brooke Baxter|East|52228.85|0.8
545|Debbie Adams|East|15854.65|0.73
546|Lisa Allen|North|99114.97|0.69
547|Brittany Brown|North|97782.83|0.81
548|Brent Miller|East|70240.46|0.75
549|Justin Clark|West|96061.29|0.76
550|Christian Perez|South|55254.47|0.66
551|Jodi Thomas|West|35926.13|0.86
552|Jeanette Knight|South|87037.73|0.73
553|Dustin Thomas|North|62304.03|0.85
554|Adam Castro|East|20503.64|0.8
555|Yolanda Brown|East|73217.24|0.94
556|Chad Lee|East|99273.31|0.79
557|Juan Patterson|South|98809.5|0.72
558|Ashley Nguyen|South|48212.45|0.64
559|Michael Thomas|West|27723.01|0.8
560|Lauren Conner|South|89428.7|0.89
561|Yesenia Johnson|East|90349.95|0.93
562|Jenny Stewart|North|12789.61|0.7
563|Jerome Klein|South|100921.21430400456|0.8
564|Andrew Ochoa|West|98932.1|0.63
565|Jessica Stokes|North|72467.3|0.66
566|Sabrina Berg|North|91405.3|0.69
567|Hannah Silva|East|46562.07|0.79
568|Amber Proctor|South|15541.13|0.86
569|Julie Roberts|South|62354.57|0.62
570|Steven Gonzalez|South|45142.34|0.7
571|Destiny Moore|West|68431.6|0.79
572|James Jones|East|78633.12|0.82
573|Andrea Hines|South|54288.39|0.78
574|Justin Holmes|North|24326.02|0.9
575|Jeffrey Davis|North|90964.25|0.79
576|Nicole Robinson|North|28228.23|0.93
577|Jeffrey Payne|South|62963.72|0.87
578|Richard Perez|West|22135.22|0.84
579|Kimberly Anderson|West|10362.63|0.93
580|Joshua Wilson|South|83402.73|0.67
581|James Peters|South|48215.23|0.86
582|Jermaine Hernandez|East|84210.06|0.88
583|Mark Taylor|North|63312.01|0.91
584|Kathleen Callahan|North|45858.83|0.67
585|John Kennedy|East|93896.37|0.72
586|Nicole Franklin|East|16159.08|0.93
587|Alexis Hall|East|24069.19|0.61
588|Debra Irwin|South|39455.22|0.79
589|Jeremy Poole|West|90976.28|0.7
590|Sean Rodriguez|West|50490.46|0.69
591|Justin Campos|North|13549.93|0.71
592|Melinda Garcia|East|26917.13|0.8
593|Kevin Oliver|South|30353.91|0.92
594|Rachel Johnson MD|South|33169.11|0.75
595|Janice Shannon|West|47742.04|0.88
596|Misty Carter|West|20669.89|0.81
597|Toni Hoffman|South|59507.21|0.06453237803360691
598|Breanna Johnson|West|64585.78|0.83
599|Caitlyn Williams|South|75649.3|0.71
600|Christopher Hardin|North|76748.39|0.72
601|Deborah Mcclure|South|82274.73|0.73
602|Alice Riggs|East|64394.93|0.75
603|Nina Porter|North|68661.57|0.76
604|Kimberly Sanchez|North|72013.37|0.64
605|Eric Harris|East|51913.84|0.66
606|Angela Alexander|West|24110.86|0.65
607|Tammy Barnes|North|29866.26|0.62
608|Craig Yang|South|54591.45|0.87
609|Jay Miller|North|79173.95|0.78
610|Sarah Pugh|South|35653.48|0.92
611|Charles Munoz|North|25235.19|0.72
612|Steven Macdonald|West|24349.43|0.81
613|Gabrielle Valdez|North|77660.71|0.7
614|Ashley Jones|East|82515.12|0.79
615|Melissa Spencer|South|90181.53|0.77
616|David White|South|41753.34|0.63
617|Kristen Wood|North|66365.35|0.72
618|Corey Castillo|North|74712.4|0.86
619|Laura Beard|West|40128.5|0.82
620|Brian Park|East|30591.0|0.73
621|Taylor Rodriguez|South|12127.19|0.84
622|Justin Brown|East|71017.17|0.72
623|Lance Bender|North|14942.02|0.94
624|Kelly Jones|North|58006.22|0.77
625|Mary Fletcher|South|66326.63|0.71
626|Tiffany Owens|West|23323.64|0.75
627|Christopher Bass|North|80615.57|0.62
628|Andrea Lowery|North|40455.24|0.68
629|Rebekah Fernandez|East|97489.05|0.81
630|Nicole Johnson|East|54720.36|0.8
631|Danny Francis|West|13408.74|0.83
632|James Meadows|East|55631.77|0.92
633|Thomas Munoz|South|91036.42|0.87
634|Ashley Wu|North|98906.5|0.67
635|Catherine Miller|South|86623.72|0.94
636|Connie Spencer|East|21488.31|0.85
637|Chad Burke|East|48825.59|0.62
638|Jeremy Decker|South|23106.4|0.83
639|Bryan King|North|39294.73|0.75
640|Amanda Erickson|South|55430.34|0.84
641|Alexandra Ho|East|64863.64|0.025718943615726443
642|Rachel Davenport|North|51737.37|0.89
643|Brenda Moore|South|50276.55|0.62
644|Julia Sampson|East|98236.97|0.89
645|Mark Shaw|North|82526.36|0.86
646|Nicholas Crosby|South|12402.25|0.74
647|Stephen Martin|North|30251.1|0.68
648|Larry Dixon|East|49414.76|0.62
649|Paul Kline|East|33867.26|0.92
650|Kelly Bennett|South|47944.56|0.74
651|Mrs. Tiffany Johnson|South|49295.61|0.87
652|Kelly Foster|North|36959.08|0.8
653|Teresa Watson|West|89977.03|0.8
654|Joseph Bush|North|97481.11|0.72
655|Brian Jackson|West|86619.0|0.6
656|Danielle Jordan|South|47377.75|0.61
657|Adam Moon|East|104874.56225083779|0.76
658|Frank Patterson|East|79884.12|0.79
659|Danielle Gill|East|46156.18|0.0937923597488472
660|Gary Tran|South|76647.71|0.68
661|Carla Holloway|South|42840.71|0.71
662|Cathy Cantrell|West|54133.86|0.63
663|Crystal Smith|North|96726.59|0.67
664|Emily Morrison|East|56290.11|0.92
665|Barbara Obrien|East|30647.44|0.75
666|Patricia Aguilar|South|87598.73|0.75
667|Pamela Norton|North|98889.1|0.81
668|Heather Wilson|South|81921.62|0.7
669|Jonathan Kennedy|South|76853.74|0.81
670|Erin Davis|South|30233.54|0.66
671|John Hicks|West|57286.67|0.92
672|Megan Henderson|South|15930.42|0.74
673|Jackie Morgan|West|34925.48|0.9
674|Nicholas Ortiz|West|20344.27|0.71
675|Sheila Moore|South|96340.91|0.68
676|Andrea Jenkins|West|40767.67|0.88
677|David Conner|East|62489.71|0.71
678|Kari Richards|North|53603.43|0.84
679|Vernon Houston|North|28424.51|0.88
680|Joseph Sanchez|West|58028.98|0.63
681|Katherine Jones|North|93170.81|0.86
682|Dakota Williams|West|19626.22|0.85
683|Laura Rogers|East|50508.98|0.73
684|Amy Hernandez|West|41740.59|0.63
685|Emily Hawkins|South|51553.16|0.9
686|Stephen Lee|West|62348.26|0.73
687|Ryan Blake|North|34158.26|0.94
688|Elizabeth Turner|South|81373.43|0.74
689|Luke Miller|East|77491.17|0.67
690|Amy Pruitt|South|38048.55|0.74
691|Chris Smith|East|11695.39|0.62
692|Elizabeth Franco|East|45592.73|0.87
693|Laurie Reynolds DDS|West|39448.07|0.79
694|Megan Bradshaw|North|60175.03|0.66
695|Heather Mcpherson|North|58410.55|0.64
696|Dean Velez|North|65265.18|0.83
697|Lindsey Ellis|North|97683.69|0.64
698|Elizabeth Ramsey|South|85586.82|0.84
699|Todd Bates|South|15551.45|0.74
700|Michelle Williams|North|49435.16|0.74
701|Amy Long|West|15543.39|0.78
702|Kathy Alvarez|North|84650.93|0.74
703|Debbie Brooks|South|88178.26|0.94
704|Paul Wilkinson|East|32574.18|0.9
705|William Adams|West|18279.44|0.62
706|Jasmine Leonard|North|22973.65|0.73
707|Jennifer White|West|12950.33|0.78
708|Ryan Vaughn|North|75625.66|0.94
709|Chloe Garcia|East|69443.41|0.89
710|Roberta Nichols|North|56890.35|0.87
711|Jeremy Thomas|East|20649.93|0.75
712|Michael Barnes|West|93650.5|0.72
713|Jennifer Taylor|East|46434.1|0.72
714|Tina Nelson|North|34263.82|0.71
715|Linda Jackson|West|50283.06|0.72
716|Douglas Moody|East|30624.73|0.65
717|James Wong|West|84370.58|0.82
718|Matthew Murphy|North|64132.46|0.79
719|Dylan Lewis|West|78161.23491781119|0.74
720|Teresa Hamilton|East|15589.82|0.86
721|Mr. Jorge Webb PhD|East|31605.17|0.8
722|Anthony Mcconnell Jr.|West|95953.31|0.05205101560704543
723|Sandra Mccullough|North|39104.26|0.8
724|Jenna Brooks|East|80974.64|0.71
725|Cynthia Weeks|South|15275.52|0.77
726|David Gross|South|28284.25|0.91
727|Cameron Hughes|West|53240.85|0.92
728|Wayne Kim|East|46334.95|0.9
729|Brian Tran|East|14459.41|0.69
730|Ruben Lindsey|East|50667.3|0.68
731|Ryan Thompson|North|92619.54|0.7
732|Mrs. Jessica Bennett|West|68210.42|0.74
733|Debra Benson|North|93298.66|0.82
734|Kimberly Ellison|East|68076.76|0.65
735|Matthew Golden|South|44123.38|0.68
736|Christopher Williams|West|16751.36|0.94
737|Jared Klein|West|98050.73|0.75
738|Cynthia Crosby|North|37634.49|0.85
739|Erica Davis|East|27762.51|0.6
740|Joshua Hines|North|82681.33|0.09996674525217655
741|Susan Rios|East|22918.48|0.81
742|Kenneth Nelson|East|244232.59842508798|0.71
743|Susan Gomez|South|68790.49|0.89
744|Regina Anthony|West|56362.59|0.94
745|Amanda Reese|West|48247.16|0.94
746|Christina Henderson|South|63099.35|0.7
747|Alvin Fitzpatrick|South|20129.07|0.67
748|Rebecca Alvarado|South|53415.54|0.63
749|Diana Pugh|North|50717.89|0.86
750|Chelsey Wallace|West|58569.59|0.71
751|Joseph Taylor|South|74103.02|0.75
752|Diane Williams|East|52169.73|0.85
753|Donna Villanueva|East|72559.39|0.72
754|David Hall|West|96999.47|0.68
755|Timothy Johnson|South|90231.79|0.67
756|Alexis Davies|South|63359.98|0.71
757|Bianca Green|West|31298.46|0.73
758|Holly Pittman|East|72107.24|0.95
759|Matthew Watson|North|74245.17|0.78
760|Christopher Russell|North|98687.68|0.86
761|Breanna Jones|North|42398.07|0.85
762|Shawn Morales|South|69910.42|0.68
763|Joseph Hood|East|33102.08|0.78
764|Danielle Lynch|North|95968.01|0.64
765|Mrs. Andrea Duran|South|54494.69|0.81
766|Brenda Fisher|North|74494.67|0.88
767|Joseph Black|East|87153.04|0.72
768|Steven Rodriguez|North|65161.63|0.92
769|Amy Larsen|West|15783.71|0.83
770|Ryan Garcia|East|21291.4|0.65
771|Ashley Cordova|North|11198.13|0.6
772|Bobby Pitts|West|46869.97|0.69
773|Diane Wolfe|South|59914.76|0.61
774|Erica Blackwell|North|89078.54|0.66
775|Melissa Bryant|West|48941.32|0.9
776|Michael Grant|North|25974.2|0.87
777|William Flores|West|16958.4|0.74
778|Anna Steele|North|52423.41|0.73
779|Daniel Kelly|East|40602.8|0.66
780|Shirley Farley|East|91431.38|0.89
781|Heather Proctor|East|52697.25|0.69
782|Brittany Livingston|North|87291.88|0.62
783|Patrick White|South|13608.99|0.82
784|George Hendrix|North|49237.99|0.86
785|Erica Washington|West|70535.06|0.7
786|Eric Shepherd|North|30234.2|0.75
787|John Powell|East|85966.79|0.86
788|Jenna Nguyen|South|19945.73|0.73
789|Ronald Harris|East|81037.86|0.93
790|Brenda Flores|West|83730.35|0.67
791|Joshua Stevenson|West|13900.21|0.9
792|Tammy Nelson|West|60295.4|0.81
793|Anthony Rogers|East|62461.45|0.71
794|Sharon Payne|East|24011.16|0.75
795|Darryl Sanchez|South|57662.06|0.66
796|Christopher Rodriguez|South|10241.13|0.61
797|Crystal Harris|West|86570.64|0.89
798|Olivia Brown|West|29819.57|0.67
799|Jason Warren|West|13133.3|0.67
800|Tracey Marshall|North|99283.49|0.63
801|Tammy Williams|East|57940.36|0.8
802|Melissa Robles|West|23195.65|0.83
803|David Stephens|South|46115.88|0.72
804|Robert Ibarra|East|13880.2|0.61
805|Jennifer Morales|South|36483.54|0.72
806|Jeffrey Vang|South|48218.92|0.76
807|Theresa Pratt|East|87131.37|0.74
808|Mrs. Caitlin Patel|South|75067.94|0.93
809|Lance Grant|West|12466.0|0.6
810|Timothy Tyler|West|56806.59|0.73
811|Courtney Craig|East|17897.27|0.95
812|Briana Mcdonald|East|216686.32480735786|0.9
813|Alexander West|North|39681.39|0.89
814|Amanda Carroll|South|247344.62720424394|0.76
815|Jordan Jenkins|North|37004.05|0.6
816|Mrs. Leslie Adkins|South|54719.97|0.79
817|Taylor Graham|North|34218.2|0.77
818|Mary Stone|West|43293.95|0.83
819|Heather Daniels|North|43922.96|0.65
820|Marco Soto|West|65571.81|0.67
821|David Smith|North|22020.57|0.9
822|Jose Martin|East|92223.41|0.64
823|Jeffrey Tucker|West|36547.07|0.84
824|Jimmy Parks|East|92174.25|0.71
825|Jamie Adams|East|16058.86|0.62
826|Sandra Crawford|North|56071.83|0.66
827|James Smith|West|55808.44|0.84
828|Megan Miller|East|84760.66|0.83
829|Marvin Evans|South|59337.65|0.67
830|Amber Welch|North|33912.26|0.62
831|David Powell|East|48850.16|0.72
832|Kimberly Perez|South|38842.05|0.67
833|Pamela Mahoney|East|96237.23|0.93
834|Stacy Thompson|South|82025.5|0.63
835|Edwin Zuniga|South|99189.91|0.91
836|Nicole Rodriguez|East|93882.04|0.88
837|Donna Williams|East|97768.03|0.88
838|Dylan Vance|South|39000.66|0.6
839|Sherry Bartlett|East|72265.07|0.82
840|John Conway|North|95111.67|0.94
841|Jacob Carter|East|88370.45|0.87
842|Jenna Thomas|South|28177.27|0.94
843|Donald Wong|South|48289.38|0.6
844|Timothy Martinez|West|70793.53|0.73
845|Crystal Nicholson|South|83889.19|0.74
846|Mr. Charles West|South|40898.56|0.67
847|April Roberts|North|69478.04|0.67
848|Joyce Lynch|West|27652.29|0.75
849|Kristy Reed|South|52758.66|0.81
850|Matthew Murphy|West|96457.17|0.68
851|Jennifer Castro DVM|South|99761.14|0.76
852|Alison Goodman|West|31657.88|0.71
853|Susan Ramsey|South|12575.21|0.91
854|Kimberly Myers|South|44890.84|0.8
855|Angela Garza|East|26549.17|0.88
856|Tiffany Moore|North|29412.53|0.72
857|Barbara Garza MD|North|79927.71405111624|0.61
858|Jordan Olson|West|24492.84|0.6
859|Aaron Kim|North|88495.68|0.65
860|Amanda Brown|East|23413.11|0.79
861|Andrew Rodriguez|East|36033.43|0.75
862|Tina Johnson|West|18286.77|0.92
863|Jessica Smith|West|76282.74|0.64
864|Dana Woodward|North|45904.7|0.72
865|Jordan Carlson|West|14315.03|0.66
866|Kevin Marshall|East|45367.35|0.68
867|Kimberly Martin|East|13493.95|0.68
868|Jose Davis|East|17035.06|0.67
869|Ashley Johnson|East|47717.01|0.72
870|Aaron Reilly|West|21219.22|0.79
871|Mr. Ryan Walters|South|33115.48|0.69
872|David Gregory|East|35417.81|0.88
873|Thomas Osborne|West|17557.54|0.6
874|Trevor Carpenter|South|68965.39|0.64
875|Kyle Hurst|South|88461.1|0.82
876|Heather Young|North|89430.1|0.7
877|Scott Anderson|North|16167.79|0.94
878|Michael Mcbride|North|95090.24|0.73
879|Nicole Hutchinson|North|31735.74|0.83
880|Kevin Long|West|68092.09|0.8
881|Jordan Johnson|East|91148.93|0.69
882|Jessica Norton MD|North|19226.54|0.81
883|Jacob Stewart|North|19512.5|0.74
884|Joseph Hughes|North|71705.96|0.8
885|Karen Walters|South|37711.3|0.63
886|William Hebert|East|63577.49|0.86
887|Jeremy Ray|South|91057.84|0.8
888|Debbie Payne|South|60163.58|0.7
889|Stephanie Wilkinson|South|30018.74|0.67
890|Scott Peterson|East|24150.18|0.94
891|Julian Romero MD|North|22703.25|0.91
892|Zachary Brown|South|14792.96|0.68
893|Ronald Morris|South|33797.39|0.66
894|Stephen Meyer|South|56077.22|0.64
895|Amy Miller|North|91230.24|0.87
896|Elizabeth Gomez|West|41885.97|0.68
897|Cheryl Woods|South|80214.84|0.61
898|Linda Lucas DDS|West|48851.35|0.85
899|Kenneth Mcdaniel|East|50997.53|0.64
900|Jessica Avery|South|15038.97|0.89
901|Christine Carlson|North|35186.25|0.68
902|Kenneth Rogers|South|14835.35|0.9
903|Ryan Butler|South|48251.81|0.68
904|Danielle Brown|South|57260.52|0.71
905|Darin Wilkerson|North|70802.49|0.81
906|Matthew Perez|South|93320.04|0.88
907|Glenn Bradley|East|66265.46|0.73
908|Emily Olsen|South|94220.17|0.89
909|Russell Perez|East|58696.31|0.63
910|Austin Mata|North|78986.41|0.71
911|Taylor Hendricks|East|96616.06|0.94
912|Mrs. Elizabeth Conrad|North|40120.52|0.84
913|Cody Evans|North|30283.46|0.85
914|Samantha Lawson|East|72080.75|0.91
915|Wendy Molina|South|17369.87|0.75
916|Kimberly Boyle|West|43486.89|0.72
917|Gregory Stein|East|78437.45|0.7
918|Caroline Booker|North|16479.75|0.71
919|James Cruz|North|48671.95|0.64
920|Elizabeth Ferguson|West|41280.76|0.87
921|Brady Black|South|46757.97|0.72
922|Daniel Hickman|South|45298.1|0.69
923|Raymond Miranda|North|56788.18|0.75
924|Amy Oconnell|North|78959.98|0.89
925|Robert James|South|42416.37|0.83
926|Megan Robinson|East|54765.15|0.7
927|Eric Barry|West|25716.0|0.61
928|Ronald Small|West|80399.05|0.69
929|Nathaniel Vazquez|West|26801.76|0.8
930|Bruce Rodgers|East|16930.99|0.71
931|Destiny Clark|South|43117.12|0.82
932|James Clark|West|83287.16|0.69
933|Jeffery Hughes MD|West|32620.97|0.85
934|Michael Hall|North|87662.82|0.89
935|William Harper|North|40640.38|0.79
936|Amanda Lee|East|26490.62|0.85
937|Scott Yang|East|76314.99|0.74
938|Brandy Baker|East|95422.85|0.65
939|Kelly Burgess|West|36688.4|0.68
940|Robert Alvarez|North|84376.81|0.67
941|Meagan Murphy|East|78440.27|0.63
942|Brian Jenkins|West|21901.39|0.73
943|David Short|East|51261.0|0.71
944|Garrett Cole|North|41475.94|0.63
945|Nancy Crawford|West|91590.78|0.85
946|Jordan Gonzalez|West|47885.06|0.66
947|Mr. Anthony Osborne IV|North|24062.43|0.62
948|Ray Travis|East|95697.29|0.68
949|Breanna Bailey|North|98405.53|0.77
950|Shannon Jones|West|34398.53|0.8
951|Teresa Brown|South|26549.45|0.66
952|Stephanie Austin|East|50028.96|0.62
953|Randall Gutierrez|North|69277.84|0.75
954|Lori Golden|East|27346.76|0.7
955|Robin Alexander|East|55746.02|0.93
956|Monique Davidson|South|84550.98|0.72
957|Dr. Amanda Phillips|North|36362.94|0.67
958|Adam Gonzalez|West|38635.03|0.64
959|Carol Stevenson|East|76597.96|0.67
960|David Wood|East|68357.17|0.77
961|Brittany Flynn|East|53328.71|0.73
962|Amanda Andrade|South|28150.82|0.79
963|Sandra Smith|West|41606.94|0.79
964|Rachel Hanson|East|64858.25|0.78
965|Michelle Brown|North|40884.87|0.95
966|Mckenzie Juarez|West|73389.75|0.68
967|William Price|East|90576.12|0.71
968|Jasmine Sanchez|East|26550.74|0.9
969|Brittany Woods MD|North|92868.58|0.63
970|Tracey Sims|South|65419.84|0.7
971|Joshua Bullock|East|77044.58|0.67
972|Scott Brown|North|68649.91|0.64
973|Virginia Anderson|East|74421.91|0.73
974|Stephanie Vincent|West|36413.93|0.72
975|Miguel Wallace|North|37057.67|0.93
976|Kara Martinez|South|35274.77|0.83
977|Stephanie Hanson|East|31372.65|0.64
978|Amanda Mccoy|East|68776.58|0.75
979|Antonio Browning|West|49573.29|0.85
980|Alan Flores|East|63482.61|0.82
981|Sarah Taylor|West|59222.97|0.94
982|Janice Torres|South|56466.89|0.77
983|Steven Tran|East|76855.89|0.82
984|Caleb Williams|West|73775.52|0.86
985|Ryan Daniel|South|72509.09|0.66
986|Joanne Barton|North|28913.79|0.94
987|Larry Ruiz|South|61156.58|0.91
988|Theresa Romero|South|24323.93|0.76
989|Mariah Keller|South|68871.41|0.65
990|Melissa Combs|West|26938.27|0.65
991|David Klein DDS|South|98697.66|0.77
992|Sabrina Johnson|South|85597.78|0.89
993|Regina Hicks|North|82087.65|0.7
994|Mr. Andrew Weaver|South|69476.81|0.86
995|Emily Russell|West|67485.42|0.65
996|Megan Mcdonald|East|33269.66|0.68
997|Kylie Miller|East|20469.0|0.63
998|Eric Deleon|North|89578.2|0.62
999|Maria Mullins|West|19721.77|0.72
1000|Gregory Webster|South|84881.27|0.92
1001|Cristian Vaughan|West|85519.59|0.69
1002|Jeanette Gutierrez|North|51162.08|0.88
1003|Kristina Allen|South|79682.94239759685|0.74
1004|James Cooper|East|58714.54|0.62
1005|Andrew Wells|South|66287.44|0.61
1006|Sonya Dominguez|South|91647.15|0.85
1007|Gary Miller|West|47803.56|0.85
1008|Derek Carter|West|71801.19|0.81
1009|Sandra Spencer|North|89288.09|0.6
1010|Samuel Klein|North|39657.65|0.7
1011|Michael Davis|East|59415.98|0.7
1012|Lauren Frazier|North|29441.51|0.72
1013|Traci Mckenzie|East|85862.38|0.71
1014|Michael Rodriguez|North|64714.4|0.73
1015|Teresa Hayes|South|17611.28|0.64
1016|David Daniels|South|90389.17|0.72
1017|Rebecca Miller|West|13809.4|0.81
1018|Stephanie Anderson|East|60755.24|0.61
1019|Leonard Smith|West|37352.41|0.84
1020|Brittany Chen|North|43497.01|0.84
1021|Tina Frazier|South|39146.62|0.73
1022|Alice Marshall|North|34213.72|0.85
1023|Rebecca Robinson|North|93328.1|0.94
1024|Miranda Mcgrath|East|20808.95|0.79
1025|Jason Campbell|West|42060.99|0.74
1026|Andrew Summers|East|50351.02|0.85
1027|Alexis Benson|South|87411.18|0.86
1028|John Franco|South|70848.17|0.94
1029|Wesley Sanchez|South|40016.6|0.78
1030|Briana Greer|South|29673.07|0.78
1031|Antonio Harris|West|14778.79|0.67
1032|Kyle Duran|South|42063.0|0.8
1033|Samantha Mcknight|East|66399.28|0.77
1034|Clifford Armstrong|West|88375.79|0.72
1035|Christine Wilson|South|99628.15|0.68
1036|Roger King|West|89480.68|0.89
1037|Heather Hill|East|57283.37|0.64
1038|Roger Oconnell|East|54594.25|0.68
1039|Julia Barrett|West|47738.73|0.7
1040|Sheila Nelson|West|61972.71|0.93
1041|Mary Young|North|36473.28|0.69
1042|Douglas Tran|East|26610.95|0.83
1043|Crystal Brown|East|90687.24|0.69
1044|Mackenzie Carr|East|35598.26|0.79
1045|Monica Kennedy|East|15667.09|0.76
1046|Melissa Callahan|West|76511.82|0.93
1047|Tom Barrera|East|21616.13|0.76
1048|Kenneth Higgins|South|79516.99|0.84
1049|Kevin Brown|West|75642.02|0.71
1050|Rebekah Hill|South|92637.94|0.79
1051|Billy Webb|West|64922.82|0.76
1052|Jessica Lopez PhD|West|96491.81|0.62
1053|Bradley Edwards|South|13641.36|0.93
1054|Joseph Lin|South|40252.41|0.72
1055|Kenneth Allen|North|12372.97|0.61
1056|Tammy Hernandez PhD|East|50155.62|0.64
1057|Madison Wagner|South|34316.78|0.68
1058|Andrew Flynn|North|50543.46|0.65
1059|Erin Velez|West|39154.33|0.09490576217736851
1060|Lisa Frey|North|95513.43|0.8
1061|Alec Clay|North|56959.97|0.76
1062|Natalie Brown DDS|South|60123.18|0.86
1063|Jordan Clark|North|94899.63|0.07041879439625154
1064|Patrick Stark|North|70703.14|0.95
1065|Shelley Rivera|South|17241.05|0.87
1066|Alan Turner|North|12705.29|0.79
1067|Brittany Maldonado|West|61035.97|0.85
1068|Mr. Jon Andrews|West|34529.66|0.85
1069|Nathan Gonzales|North|43992.72|0.87
1070|Amy Mason|East|44257.95|0.86
1071|Gina Knight|East|18813.77|0.86
1072|Vincent Pittman|East|80706.67|0.89
1073|Christina Atkinson|North|34533.36|0.76
1074|Charles Smith|West|48870.02|0.72
1075|Shannon Torres|North|12588.81|0.91
1076|Christine Mack|East|49820.12|0.72
1077|Timothy Ruiz|East|68815.23|0.83
1078|Anne Smith|East|15127.13|0.82
1079|Daniel Miller|West|98982.38|0.69
1080|Aimee Mills|East|50648.58|0.89
1081|Dr. Gregory Dunn|West|48069.71|0.8
1082|Mark Morgan|West|46372.18|0.93
1083|Alison Williams|East|32488.47|0.9
1084|Robert Foley|North|66737.98|0.74
1085|Melanie Perez|West|26810.23|0.85
1086|Heather Ramos|South|49825.82|0.68
1087|Victoria Cummings|West|40847.55|0.95
1088|Brianna Ramirez|East|74885.88|0.68
1089|Adam Thompson|South|79149.26|0.69
1090|Joshua Drake|East|60293.53|0.81
1091|Robert Welch|East|31363.5|0.75
1092|Anne Brown|East|20158.04|0.63
1093|Thomas Gibson|East|57974.41|0.74
1094|Madeline Frazier|North|74343.03|0.86
1095|Kenneth Hanna DVM|West|51742.47|0.8
1096|David Gilbert|North|99786.74|0.84
1097|Terri Foley|South|56738.94|0.63
1098|Benjamin Wolf|West|53481.8|0.62
1099|Beth Hampton|West|76127.36|0.85
1100|Keith Krause|West|35254.81|0.71
1101|Bethany Hernandez|West|65752.19|0.77
1102|Heather Wang|West|95559.05|0.91
1103|Jeanne Jones DVM|South|42779.95|0.73
1104|Gerald Wilson|East|56160.72|0.9
1105|Sandra Hill|South|74417.32|0.9
1106|Megan Cruz DDS|West|15694.15|0.81
1107|Adam Stanley|North|17920.47|0.86
1108|Jason Pearson|North|42286.99|0.72
1109|Lydia Olson|South|91685.5|0.83
1110|Zachary Thompson|East|92391.34|0.78
1111|Pamela Brandt|West|82400.17|0.85
1112|Darren Holland|East|66253.8|0.71
1113|Brandon Craig|North|52711.85|0.86
1114|Timothy Curtis|South|80696.95|0.8
1115|Bethany Ramos|North|30336.91|0.86
1116|Jeremy Nguyen|East|85624.72|0.68
1117|Neil Patel|West|16616.71|0.95
1118|Elizabeth Wright|South|74298.19|0.92
1119|Lori Bradford|South|11702.24|0.71
1120|Erika Thomas|West|22260.11|0.95
1121|Brian Roberts|West|40979.12|0.72
1122|Joshua Williams|West|37684.88|0.62
1123|Bobby Huang|South|59260.58|0.91
1124|Kimberly Roth|South|60094.11|0.64
1125|Marie Burton|North|53145.9|0.68
1126|Sonya Rodriguez|East|25119.41|0.66
1127|Joel Riley|West|12865.37|0.72
1128|Alicia Black|South|22908.08|0.71
1129|Erin Roberts|East|67668.25|0.61
1130|Jeremy Jimenez|South|67648.91|0.93
1131|Christopher Wade|North|38147.98|0.63
1132|William Williams|West|88183.97|0.89
1133|Todd Marks|South|94479.42|0.61
1134|Christopher Perry MD|South|24279.17|0.64
1135|Tony Vaughn|South|53944.36|0.76
1136|Kaitlin Davis|East|25993.09|0.62
1137|Ian Odonnell|West|31171.42|0.8
1138|Willie Morales|West|25548.86|0.79
1139|Joseph Phillips|West|72967.1|0.9
1140|Lisa Le|North|76942.15|0.85
1141|Brandon Vasquez|West|42391.59|0.63
1142|Rhonda Bishop|West|42401.44|0.69
1143|Margaret Patrick|West|63466.63|0.83
1144|James Davis|East|45861.22|0.9
1145|Robert Scott|South|68284.66|0.77
1146|Ashley Moody|South|51128.3|0.8
1147|Charles Gutierrez|North|18163.08|0.66
1148|Kelly Hanson|North|69345.86|0.92
1149|Lynn Brooks|South|21413.81|0.76
1150|Hunter Martinez|East|14395.32|0.65
1151|John Ellis|West|70671.57|0.93
1152|Heather Hamilton|South|62710.38|0.8
1153|Lauren Ward|South|91277.87|0.65
1154|Steven Sharp|South|27164.07|0.63
1155|Timothy Park|North|72245.64|0.73
1156|Daniel Lynch|North|58744.76|0.7
1157|Mary Steele|West|82212.05732099741|0.63
1158|Donald Shelton|West|56277.21|0.79
1159|Thomas Hayes|East|21078.57|0.67
1160|Heather Chan|North|76264.51|0.06012115209172412
1161|Brian Martin|North|58657.17|0.63
1162|Amanda Fitzgerald|North|74507.12|0.61
1163|Michele Smith|East|35457.48|0.86
1164|Joseph Wood|West|50265.53|0.76
1165|Lisa Smith|North|70599.17|0.72
1166|Joel Hill|West|11298.98|0.72
1167|Nancy Watson|West|26496.22|0.88
1168|Christian Rowe|West|89163.7|0.92
1169|Cynthia Wilson|North|29600.24|0.74
1170|Joshua Harris|East|57211.06|0.76
1171|Travis Olsen|East|88737.44|0.93
1172|Anna Sanford|South|69259.78|0.94
1173|Melissa Flores|South|15960.18|0.68
1174|Jane Miller|East|84081.69|0.84
1175|Michelle Brown|South|29472.91|0.71
1176|Tara Davenport|East|37755.22|0.9
1177|Tanya Sanford|East|33263.63|0.73
1178|Martin Stevenson|West|20772.05|0.81
1179|Linda Mcintosh|South|25278.7|0.91
1180|Jenna Pittman|South|304984.18234471616|0.71
1181|Dawn Campos|South|92790.43|0.84
1182|Brent Schneider|North|93572.59|0.91
1183|Mrs. Melissa Gray|West|18340.17|0.77
1184|William Green|West|89013.41|0.82
1185|Ann Maldonado|North|90669.34|0.85
1186|Ronald Osborn|West|60734.04|0.9
1187|David Brown|North|82586.31|0.68
1188|Caitlin Ruiz|North|86214.55|0.79
1189|Robert Gutierrez|East|44979.42|0.76
1190|Jimmy Pearson|West|49242.15|0.94
1191|Justin Murillo|North|11838.19|0.91
1192|Gabriel Turner|South|78974.65|0.65
1193|Christopher Duke|West|36871.31|0.64
1194|Eric Perez|East|76827.93|0.76
1195|James Cross|East|66356.49|0.64
1196|Susan Ho|East|47671.81|0.66
1197|Carolyn Garcia|West|17477.22|0.63
1198|Madeline Smith|North|21982.28|0.9
1199|Anna Wright|North|41200.76|0.93
1200|Kaitlin White|West|58614.53|0.94
1201|Chad Williams|South|78250.27|0.62
1202|Darrell Fleming|North|74482.37|0.75
1203|Evan Beasley|West|39489.71|0.62
1204|Tamara David|North|40718.81|0.73
1205|Joshua Payne|North|45910.05|0.89
1206|William Gomez|South|37613.18|0.74
1207|Billy Cooper|West|10264.06|0.63
1208|Anna Armstrong|North|77863.74|0.92
1209|Michele Ellis|South|70326.04|0.67
1210|Teresa Nelson|North|18134.27|0.87
1211|Jaime Hernandez|South|30381.55|0.62
1212|Shawn Miller|North|62639.47|0.67
1213|Tony Simmons|North|99035.24|0.64
1214|Ruben Long|West|34215.95|0.92
1215|Kim Spencer MD|East|45150.41|0.89
1216|Heather Caldwell|South|84143.78|0.73
1217|Megan Hurley|North|20715.61|0.83
1218|Kim Wood|North|65221.13|0.89
1219|David Castillo|North|81272.1|0.91
1220|April Conway|North|66424.53|0.83
1221|Jonathan Guerrero|West|40274.61|0.71
1222|Ann Mckinney|West|64683.86|0.75
1223|Ronald Park|East|97741.19|0.71
1224|Megan Gregory|South|94532.69|0.7
1225|Ashley Williams|West|31155.83|0.85
1226|Victor Marks|North|52572.58|0.72
1227|Tony Morris|West|92131.13|0.64
1228|James Bailey|West|98550.96|0.86
1229|Danny Burke|East|11334.31|0.76
1230|Nathan Marshall|South|30055.19|0.7
1231|Paul Dunlap|West|47404.98|0.68
1232|Clarence Murray|East|45138.83|0.69
1233|Alec Cisneros|South|18269.09|0.64
1234|Timothy Campos|West|45479.45|0.86
1235|Holly Sanchez|East|41311.45|0.79
1236|Joseph Ortiz|West|13068.2|0.87
1237|Deborah Wilson|South|30837.27|0.83
1238|Jonathan Larson|South|60901.73|0.89
1239|Jonathan Joseph|East|50489.16|0.84
1240|Patricia Chapman|West|51123.61|0.93
1241|Melissa Richmond|West|13995.12|0.7
1242|Kevin Russo|East|87419.45|0.94
1243|Mary Miller|West|72430.78|0.88
1244|Taylor Fuller|North|15036.59|0.92
1245|Cassandra Riley|South|17076.77|0.69
1246|Bradley Davies|South|62159.97|0.63
1247|Barbara Obrien|South|90374.81|0.91
1248|Brandi Sherman|South|98432.98|0.65
1249|Richard Villarreal|West|34876.6|0.8
1250|Tara Moreno|West|89098.93|0.84
1251|Pedro Vaughn|West|54906.6|0.6
1252|Shawna Daniels|South|98904.53|0.82
1253|Mitchell Jenkins|West|47925.11|0.93
1254|Curtis Hernandez|North|86592.61|0.89
1255|Michael Walker|North|28037.76|0.89
1256|Anthony Bell|North|89321.21|0.84
1257|Patrick Allen|East|99418.6|0.85
1258|Wayne Thomas|West|83118.24|0.77
1259|Roy Martinez|North|57535.95|0.88
1260|Angela Thompson|West|58214.28|0.68
1261|Stephanie King|South|65893.14|0.93
1262|Joshua Collins|West|77550.82|0.65
1263|Patricia Hudson|West|67294.83|0.78
1264|Connie Miller|North|69347.74|0.87
1265|Nicole Jensen|East|52428.18|0.73
1266|Paula Anderson|South|95032.46|0.69
1267|Stephen Newton|East|49880.25|0.61
1268|Maria May|East|60457.71|0.86
1269|Billy Cooper|South|41677.88|0.62
1270|Laura Velasquez|East|55342.9|0.87
1271|Joann Clark|North|95590.71|0.73
1272|Tyler Vincent|North|46544.73|0.87
1273|Jeffrey Shields|West|44307.64|0.91
1274|Michelle Cunningham|West|43629.27|0.76
1275|Nancy Castaneda|East|96510.39|0.66
1276|Carlos Schneider|South|72350.63|0.89
1277|Lucas Thompson|South|87030.88|0.04751116381812048
1278|Denise Villarreal|North|58758.05|0.93
1279|Lindsey Wood|West|33753.01|0.95
1280|Bridget Castro|East|24433.69|0.74
1281|Dr. Kenneth Berry|West|97151.46|0.6
1282|James Smith|South|11101.6|0.82
1283|Crystal Wright|East|36266.86|0.79
1284|Mr. Andrew Murphy Jr.|North|81174.8|0.75
1285|Jennifer Long|East|97709.64|0.68
1286|Michael Morris|East|26047.25|0.64
1287|Kenneth Carter|North|65153.28|0.94
1288|Dwayne Smith|South|74664.74|0.75
1289|Angelica Crane|East|22756.24|0.91
1290|Mark Hart|North|68682.86|0.7
1291|William Hernandez|West|88487.39|0.85
1292|Caitlin Gardner|West|97358.65|0.67
1293|Ashley Kim|West|79190.02|0.76
1294|David Porter|West|34879.13|0.8
1295|Tyler Coleman|South|63134.14|0.73
1296|David Gardner|North|33723.16|0.7
1297|Melissa Bradley|North|31685.97|0.82
1298|Jeffery Strickland|West|43791.9|0.73
1299|Victoria Olson|North|24531.43|0.92
1300|Mr. Kyle Barber|West|21969.67|0.63
1301|David Fuller|West|43777.53|0.84
1302|Christopher Washington|West|68600.7|0.91
1303|Dennis Patterson|West|20705.76|0.68
1304|Robin Miller|South|68661.11|0.77
1305|Lisa Bradshaw|East|87061.09|0.78
1306|Samantha Mueller|East|17639.46|0.64
1307|Nicholas Sampson|North|49535.42|0.63
1308|Caitlin Scott|East|26518.73|0.65
1309|Matthew Carpenter|North|46340.49|0.67
1310|Justin Gonzales|South|28603.49|0.93
1311|Kevin Lawrence|East|25108.74|0.66
1312|Kimberly Jarvis|North|88717.41|0.83
1313|Ryan Rivera|East|58819.0|0.77
1314|John Howe|North|54875.71|0.76
1315|Michelle Fitzgerald|South|68914.87|0.65
1316|William Parks|West|15800.13|0.63
1317|Lisa Scott|East|91114.45|0.03516362455041933
1318|Nicholas Sullivan|East|35664.26|0.74
1319|Kevin Williams|North|99165.79|0.87
1320|Amy Jones|East|32965.34|0.84
1321|Dawn Swanson|South|10794.42|0.64
1322|Alan Powell|East|57766.17|0.69
1323|Bradley Perez|North|56909.32|0.88
1324|Cameron Lambert|West|48600.55|0.64
1325|Mike Jenkins|North|49530.17|0.64
1326|Henry Hale|East|89938.4|0.67
1327|Andrea Anderson|West|79939.08|0.64
1328|Amanda Savage|West|20184.44|0.89
1329|Annette Norris|East|46271.06|0.71
1330|Andrew Robinson Jr.|East|92745.03|0.89
1331|Colleen Lopez|North|67950.34|0.6
1332|Michael Parker|South|94133.73|0.86
1333|Michael Garcia|West|94484.92|0.69
1334|Harry Stephens|South|92070.81|0.82
1335|Edward Taylor|West|40564.64|0.74
1336|Roger Pham|South|16669.42|0.92
1337|Kathleen Arnold|South|86640.02|0.81
1338|Melissa Holland MD|East|18926.19|0.6
1339|Brenda Page|West|89263.41|0.66
1340|Joseph Perez|East|13293.16|0.88
1341|Lindsay Nguyen|South|13028.17|0.73
1342|Jacqueline Smith|East|57908.14|0.68
1343|Alan Wheeler|South|33327.52|0.65
1344|Kayla Ballard|North|20009.14|0.62
1345|Steven Martin|East|44397.74|0.61
1346|Deanna Serrano|East|15322.34|0.94
1347|Pamela Roberts|North|71098.0|0.78
1348|Matthew Lopez|South|54891.51|0.86
1349|Kara Lucas|West|66812.22|0.62
1350|Ashlee Spencer|West|98345.84|0.75
1351|Travis Mcneil|West|72749.1|0.94
1352|Mr. Anthony Powell|South|11724.09|0.85
1353|Javier Chen|West|99684.77|0.69
1354|Joshua Carter|South|17382.89|0.68
1355|Kenneth Jackson|East|69712.76|0.87
1356|April Mendez|South|65242.93|0.65
1357|Megan Griffin|South|59386.52|0.8
1358|Taylor Moore|South|49321.81|0.75
1359|Dan Wu|East|75762.92|0.82
1360|Sarah Medina|South|65645.7|0.76
1361|Zachary Jackson|West|83026.6|0.81
1362|Gregory Calhoun|North|29878.16|0.76
1363|Jessica Martinez|North|53186.57|0.92
1364|Tristan Beck|East|71500.56|0.84
1365|Tracy Swanson|East|73032.63|0.79
1366|Jason Smith|South|30869.75|0.77
1367|Amy Johnson|North|45016.14|0.61
1368|Douglas Schwartz|West|57480.89|0.85
1369|Scott Smith|West|59020.45|0.69
1370|Daniel Harris|South|79364.97|0.69
1371|William Welch|East|21135.79|0.76
1372|Heather Donaldson|West|17732.75|0.77
1373|Kimberly Hernandez|East|47886.27|0.62
1374|Kristine Jackson|North|69970.06|0.78
1375|Stephen Thompson|East|24176.79|0.7
1376|Rhonda Kim|North|74892.11|0.66
1377|Alex Stewart|East|55592.82|0.7
1378|Stephanie Weiss|South|64553.57|0.91
1379|Benjamin Ware|South|80101.95|0.81
1380|Eric Anderson|South|81611.53|0.75
1381|Melanie Little DVM|South|44812.13|0.83
1382|Danielle Fox|East|22119.93|0.93
1383|Michele Clayton|North|19261.13|0.73
1384|William Whitehead|East|66665.11|0.93
1385|Eric Rowe|East|69775.05|0.87
1386|Melissa Wheeler|North|56611.99|0.64
1387|Eric Patel|West|75840.61|0.7
1388|Johnny Beasley|North|69843.25|0.7
1389|Joseph Young|East|37006.41|0.87
1390|Jessica Leonard|North|91425.74|0.85
1391|Stephanie Little|East|29663.45|0.86
1392|Mary Hatfield|North|38363.44|0.74
1393|Andrew Gray MD|East|11802.66|0.66
1394|Rebecca Rhodes|West|32847.64|0.85
1395|James Marquez|North|31773.14|0.93
1396|Deborah Barker|West|32636.3|0.82
1397|Alexis Miller|South|90719.46|0.88
1398|William Stevens|East|35805.12|0.8
1399|Tonya Brown|South|75158.48|0.03970376959735276
1400|Alexa Thomas|South|34125.13|0.68
1401|Bryan Norton|South|78955.46|0.86
1402|Joshua Oliver|South|40297.09|0.7
1403|Emily Kelley|West|47325.84|0.72
1404|Marissa Webb|South|88638.72|0.034365116099289106
1405|Raven Price|North|65240.36|0.75
1406|Zachary Rogers|East|94827.96|0.62
1407|John Simon|East|28564.04|0.83
1408|John Russo|North|14931.31|0.94
1409|Roberto Davies|East|32476.47|0.86
1410|Andrew Holland|West|59934.39|0.69
1411|Jennifer Cooke|South|44958.84|0.93
1412|Jesse Shannon|South|69856.62|0.78
1413|Virginia Miller|West|41981.13|0.85
1414|Cory Morris|East|88475.17|0.61
1415|Rhonda French|South|34764.8|0.61
1416|Jeffrey Page|East|19775.32|0.62
1417|Angela Dominguez|North|96299.12|0.8
1418|Jonathan Baker|East|49541.31|0.66
1419|Elizabeth Miranda|North|61715.66|0.88
1420|Ruben Hanna|East|88283.66|0.77
1421|Shelia Miller|East|89124.7|0.86
1422|Daniel Griffith|South|19472.29|0.92
1423|Austin Williams|North|58365.51|0.68
1424|Bradley Byrd|West|86186.07|0.66
1425|Megan Gordon|West|23600.45|0.85
1426|Sheila Hamilton|East|13786.61|0.68
1427|Alexandra Jones|South|11220.12|0.61
1428|Kyle Weaver III|West|41356.78|0.83
1429|Kathy Boyd|West|69345.73|0.71
1430|Robin Mckay|South|71781.88|0.69
1431|Chase Page|East|78327.0|0.86
1432|Nicole Hamilton|North|81133.36|0.73
1433|Madison Jones MD|East|72647.95|0.67
1434|Michelle Johnson|East|12565.61|0.74
1435|Patricia Mcneil|South|27530.04|0.91
1436|Christopher Chambers|West|19085.0|0.8
1437|Nancy Hall|West|82691.35|0.94
1438|Mark Randall|North|51753.56|0.87
1439|Tracey Black|East|61961.46|0.89
1440|Alexander Lewis|South|23170.21|0.75
1441|Benjamin Munoz|West|37244.55|0.78
1442|Matthew Gonzalez|South|31838.79|0.75
1443|Adam Porter|North|29343.11|0.76
1444|Sean Smith|North|51566.19|0.61
1445|Christopher Turner|South|87978.63|0.83
1446|Melissa Williams|South|23195.06|0.69
1447|Brian Chang|West|45387.59|0.75
1448|Austin Bell|West|23570.17|0.74
1449|Shannon Green|South|65382.82|0.73
1450|Jennifer Mendoza|South|75511.55|0.64
1451|John Lopez|West|10955.76|0.83
1452|Stephen Santana|West|66041.46|0.64
1453|Tricia Harrison|East|83021.32|0.84
1454|Linda Davis|North|22648.76|0.82
1455|Theresa Holder|North|20283.38|0.78
1456|Isabel Stewart|South|46660.85|0.65
1457|Kevin Sheppard|West|49288.34|0.79
1458|Jose Porter|East|53890.9|0.69
1459|Amber Washington|East|74515.73|0.73
1460|Jonathan Jackson|East|50322.85|0.61
1461|Julian Jones|South|40552.25|0.84
1462|Jessica Day|North|71319.46|0.76
1463|Mark Fox|East|45839.0|0.92
1464|Nicholas Gay|East|89703.35|0.81
1465|Heidi Crawford|East|21370.72|0.73
1466|Jaime Bowman|East|52337.99|0.81
1467|Laurie Hodge|South|41590.68|0.83
1468|Lisa Price|East|54717.09|0.65
1469|Victoria Rodriguez|North|42467.44|0.66
1470|Christopher Davis|North|35192.34|0.79
1471|Cheryl Schultz|North|19074.14|0.74
1472|Brittany Guzman|West|35003.64|0.82
1473|Joshua Clark|North|10406.18|0.61
1474|Leah Estes|South|28029.71|0.67
1475|Richard Flynn|East|45024.6|0.92
1476|David Perez|North|22058.64|0.75
1477|Stacy Jenkins|North|53983.53|0.73
1478|Jeff White|East|63971.23|0.6
1479|James Hill|West|51458.37|0.62
1480|Shannon Butler|West|26685.14|0.86
1481|Jamie Shepherd|West|67126.27|0.89
1482|Steven Lee|East|62295.13|0.9
1483|Elizabeth Dixon|West|93883.6|0.67
1484|Kari Young|North|81006.81|0.88
1485|Stephen Mitchell|East|58369.15|0.9
1486|Lucas Sullivan|North|73811.32|0.84
1487|Bonnie Frederick|South|75293.81|0.88
1488|Michael Bruce|East|83214.5|0.7
1489|Maria Smith|South|67385.93|0.68
1490|William Lee|West|66933.66|0.83
1491|Rachel Bender|West|84788.41|0.79
1492|Ronald Martinez|North|14421.28|0.8
1493|Trevor Walters|South|44926.08|0.64
1494|Alicia Johnson|South|78488.24|0.0997228317234744
1495|Hannah Rich|East|91701.9|0.83
1496|Danny Travis|South|62305.94|0.69
1497|Peter Mendez|East|86141.31|0.76
1498|Jennifer Mcintyre|West|76241.97|0.84
1499|Danielle Pena|South|74138.02|0.64
1500|Jeffrey Mann|North|16405.49|0.68
1501|James Bean|West|83962.1|0.86
1502|Tyler Lopez|West|71080.79|0.94
1503|Jesus Martin|West|22624.64|0.64
1504|Jerry Wright|South|12447.46|0.71
1505|Sarah Wallace|South|13115.73|0.76
1506|Jeffrey Barnes DVM|North|69208.25|0.61
1507|Patrick Simpson|East|92875.07|0.94
1508|Fernando Marquez|North|45834.68|0.77
1509|Lance Gay|South|79055.47|0.69
1510|Ronald Cuevas|North|75744.16|0.92
1511|Amber Hall|East|11805.62|0.87
1512|James Leach|East|71616.45|0.68
1513|Bruce Adams|West|52219.27|0.71
1514|Kristin Cox|North|49610.95|0.93
1515|Angela Cross|South|38443.08|0.89
1516|Frank Arnold|East|41803.33|0.73
1517|Michael Gonzalez|South|21382.51|0.61
1518|Thomas Myers|East|73679.66|0.75
1519|Thomas Williamson|South|36141.18|0.8
1520|Jamie King|East|73610.19|0.66
1521|Donald Ortega|East|40835.96|0.71
1522|Mrs. Karen Nixon|West|31010.65|0.64
1523|Mr. Alan Howard Jr.|South|60653.65|0.74
1524|William Hunter|North|97049.15|0.67
1525|William Miller|West|88507.72|0.73
1526|Ariana Manning|East|91972.14|0.65
1527|Kristen Summers|East|11374.1|0.75
1528|Michael Duran|East|36538.85|0.92
1529|Cindy Chavez|South|99844.18|0.66
1530|Dr. Peggy Hardin|South|95894.03|0.81
1531|Sharon Meyer|North|75638.33|0.76
1532|Raymond Wells|West|42899.24|0.84
1533|Stephanie Perry DDS|East|71916.69|0.91
1534|Julian Brown|East|64620.61|0.73
1535|Christine Beasley|South|93396.42|0.87
1536|Laura Barrera|North|88883.38|0.61
1537|Amanda Young|South|47238.64|0.71
1538|Ricardo Allen|North|48219.33|0.77
1539|Andrew Wells|West|84612.63|0.72
1540|Lisa Gillespie|North|68414.48|0.89
1541|Sara Osborne|West|48328.1|0.85
1542|Katelyn Barnett|North|10279.06|0.86
1543|Pamela Contreras|North|74777.91|0.86
1544|Rhonda Blake|West|27276.82|0.92
1545|Meredith Chambers|East|97756.08|0.94
1546|Ann Riley|South|30392.57|0.91
1547|Stephanie Ray|South|16358.16|0.82
1548|Mary Ramirez|West|73653.75|0.66
1549|Rodney White|East|67217.76|0.69
1550|Jessica Bowers|West|88590.76|0.84
1551|Michelle Riley|North|98341.99|0.91
1552|Joseph Rowe|South|12251.23|0.74
1553|Amber Stewart|North|28679.63|0.77
1554|Michael Hamilton|North|67417.77|0.9
1555|Matthew Mcintosh|South|16694.26|0.79
1556|Kevin Munoz|West|42428.24|0.82
1557|Jason English|East|63996.26|0.69
1558|Kelsey Munoz|North|57357.34|0.76
1559|James Peters|West|88189.46|0.95
1560|Jon Campbell|South|37330.54|0.034605584887214415
1561|Charles Jacobs|East|90934.45|0.61
1562|Mr. Johnny Aguilar DVM|North|32718.86|0.9
1563|Dale Harrison|West|88233.45|0.74
1564|Mr. Paul Miller|North|16387.97|0.93
1565|Amber Clark|West|98052.97|0.84
1566|Mathew Anderson|West|29475.18|0.92
1567|Mr. Jason Richards Jr.|South|28464.93|0.95
1568|Sara Diaz|North|36564.59|0.81
1569|David Ramirez|South|75416.66|0.75
1570|Lauren Anderson|North|35443.2|0.87
1571|Hunter Brooks|East|56795.17|0.83
1572|Kathryn Ho|South|71502.48|0.07561927876675137
1573|Nicholas Thomas|South|50293.74|0.63
1574|Kathy Roberts|West|49484.85|0.92
1575|Rebecca Bradley|North|96781.14|0.95
1576|Justin Oneal|West|28819.89|0.79
1577|Debbie Beasley MD|East|51320.23|0.92
1578|James Barnett Jr.|South|26588.08|0.68
1579|Patrick Johnson|South|90917.08|0.79
1580|John Nelson|East|65940.07|0.89
1581|John Mitchell|West|52494.45|0.89
1582|Jessica Lawrence|North|67295.42|0.7
1583|Patricia Webster|South|35480.18|0.92
1584|Nicole Cantu MD|East|60060.76|0.71
1585|Rebecca Evans|East|20243.11|0.76
1586|Stephanie Lee|South|64061.35|0.69
1587|Karen Bishop|East|58219.01|0.7
1588|Lisa Brennan|West|41365.71|0.61
1589|Matthew Baldwin DVM|North|56501.62|0.62
1590|Sean Ward|West|73704.46|0.81
1591|Amanda Edwards|South|44239.34|0.63
1592|Courtney Stewart|North|17064.72|0.8
1593|Mr. Andrew Lucas|East|44297.78|0.7
1594|Rachel Herman|West|90649.02|0.78
1595|Adrian Skinner|East|43061.99|0.68
1596|Patrick Ramirez|West|18178.66|0.82
1597|Christopher Smith|East|13231.0|0.74
1598|James Tran|West|21937.65|0.67
1599|Mark Bishop|East|97900.73|0.7
1600|Christopher Freeman|North|30339.65|0.95
1601|Alicia Arias|West|40268.71|0.88
1602|Nathan Gutierrez|South|71006.16|0.87
1603|Michael Murphy|North|45086.84|0.82
1604|Barbara Patterson|East|83118.7|0.75
1605|Eric Jenkins|East|15203.85|0.91
1606|Vincent Evans|West|12583.36|0.87
1607|Gabrielle Leonard|South|84686.82|0.62
1608|Mr. Matthew Chan|East|11491.75|0.91
1609|Parker Cross|West|15953.3|0.82
1610|Dr. Elizabeth Crane|South|84487.66|0.92
1611|Heather Adams|South|57270.52|0.92
1612|Anthony Harris|North|59084.15|0.7
1613|James Parker|North|75589.82|0.66
1614|Samuel Wood|South|67135.45|0.75
1615|Hailey Cantu|West|95746.81|0.87
1616|Victoria Reid|North|92508.95|0.74
1617|Jacob Wallace|East|73856.11|0.73
1618|John Herrera|East|31774.04|0.86
1619|Natalie Smith|South|30608.82|0.73
1620|Audrey Olsen|East|17428.05|0.7
1621|Timothy Moody|South|32862.86|0.78
1622|Zachary Gomez|West|44301.03|0.8
1623|Natalie Adams|South|79755.06|0.72
1624|Stephen Dawson|North|54042.3|0.94
1625|Brendan Collins|North|61346.78|0.95
1626|Melinda Pena|South|55646.13|0.77
1627|Kelsey Ray|South|91797.62|0.75
1628|Jennifer Jones|West|53464.16|0.91
1629|Thomas Browning|East|19014.33|0.68
1630|John Gutierrez|North|135139.66239695024|0.79
1631|Marilyn Zavala|South|80441.46|0.89
1632|Amanda Gilbert|South|38351.76|0.83
1633|Melissa Arias|South|90464.23|0.88
1634|Jill Buck|North|51237.66|0.9
1635|Christina Robinson|East|23191.43|0.63
1636|Christy Prince|North|83904.99|0.9
1637|Micheal Day|East|72607.64|0.8
1638|Ryan Cole|South|21180.94|0.7
1639|Sean Stone|East|37136.39|0.61
1640|Alan Grimes|North|32180.41|0.94
1641|Kristin Barton MD|South|62833.94|0.94
1642|Christopher Russell|South|59452.57|0.77
1643|Emily Hoffman|West|60142.85|0.81
1644|Chris Williams|West|60929.18|0.83
1645|David Medina|South|70515.95|0.88
1646|Pamela Hicks|East|65440.56|0.64
1647|Bailey Roberts|East|58316.54|0.62
1648|Anthony Mccarthy|South|38329.9|0.81
1649|Jacob Hubbard|East|17625.74|0.85
1650|Mr. Aaron Welch|South|89940.18|0.88
1651|Daniel Harris|South|43965.2|0.86
1652|John Cruz Jr.|North|12079.26|0.79
1653|Carlos Hernandez|West|90117.07|0.77
1654|Heather Fleming|West|71269.33|0.88
1655|Robert Rogers|North|98458.2|0.81
1656|Shirley Decker|West|62957.21|0.9
1657|Victoria Dixon|East|22264.06|0.84
1658|Sarah Ortega|West|41684.28|0.91
1659|Robert Alexander|East|47154.88|0.78
1660|James Solomon|West|98164.78|0.9
1661|Heather Hill DDS|North|97720.66|0.62
1662|Megan Fletcher|South|50694.4|0.81
1663|Carol Hess|East|21446.22|0.87
1664|Jonathan Hill|South|37786.49|0.78
1665|Danielle Cox|South|31156.47|0.94
1666|Roger Mcneil|East|54305.72|0.62
1667|Brandon Harvey|South|29642.96|0.68
1668|Kerri Walker|West|52922.72|0.8
1669|David Thomas|South|84074.57|0.7
1670|Stephanie Smith|North|53043.13|0.69
1671|David Best|West|78112.85|0.79
1672|Gary Perkins|North|71072.34|0.68
1673|Tammy Johnson|West|65254.98|0.73
1674|Victoria Boyd|South|65359.76|0.95
1675|Benjamin Davis|West|18044.6|0.61
1676|Melissa Simmons|South|93762.02|0.94
1677|Christopher Reilly|South|24397.13|0.85
1678|Jonathan Hunt|North|31155.37|0.68
1679|John Young|North|90077.56|0.92
1680|Tammy Mcguire|North|91388.35|0.66
1681|Rebecca Davis|North|96107.16|0.66
1682|John Lee|South|63715.24|0.93
1683|Morgan Watkins|East|17653.22|0.86
1684|Christopher Arnold|South|24297.25|0.93
1685|Stephanie Holt|North|35021.83|0.91
1686|William Smith|East|86210.64|0.75
1687|Rhonda Woods|West|52157.67|0.94
1688|Steven Sampson|East|53627.4|0.71
1689|Lindsey Smith|South|16177.65|0.67
1690|Todd Smith|North|61760.38|0.62
1691|Nathan Johnson|South|62593.29|0.68
1692|Corey Arias Jr.|West|59382.85|0.86
1693|Suzanne Williams|East|92569.59|0.81
1694|Jennifer Ortiz|East|146798.72202783354|0.63
1695|Robin Henderson|North|25761.49|0.83
1696|Mr. Patrick Chapman MD|South|65976.51|0.8
1697|Dennis Phillips|West|70565.37|0.66
1698|Alexander Johnson|East|69282.46|0.91
1699|Kayla Booth|West|83751.14|0.63
1700|Mark Mcdaniel|North|54790.21|0.68
1701|Michael Gibson|North|50747.75|0.67
1702|Dr. Daniel Moore|North|20080.09|0.81
1703|David Marshall|South|87520.8|0.92
1704|Ryan Moore|North|34280.06|0.88
1705|Steven Gonzales|South|87112.91|0.64
1706|Michael Glover|South|38332.56|0.82
1707|Martha Kim|East|14102.97|0.88
1708|Patricia Smith|South|46080.53|0.82
1709|Francisco Palmer|East|67830.51|0.79
1710|Kathryn Schmidt|North|85587.76|0.89
1711|Debra Collins|East|68912.53|0.91
1712|Amy Anderson|West|31787.29|0.94
1713|Jason Hobbs|East|18504.42|0.85
1714|David Chapman|East|37083.25|0.77
1715|Christina Lawson|West|50924.05|0.87
1716|Eddie Baker|West|44962.5|0.86
1717|Patricia Orr|West|63918.53|0.75
1718|Leslie Wise|South|28916.11|0.81
1719|James Webb|North|91549.43|0.82
1720|Lacey Short|North|77893.57|0.68
1721|Sharon Miller|East|74058.6|0.62
1722|Adam Compton|West|87859.44|0.87
1723|Ashley Rogers|North|52057.06|0.68
1724|John Watson|East|78216.26|0.76
1725|Monica Rivera|West|62869.64|0.8
1726|Fred Mata|North|86136.76|0.72
1727|Madeline Murphy|South|22603.08|0.73
1728|James Mcmillan|West|10171.85|0.65
1729|Cory Macdonald|North|43483.4|0.71
1730|Tiffany Johnson|West|35153.68|0.89
1731|Edgar Harrell|North|51483.41|0.77
1732|Lee Bryan|East|29909.21|0.63
1733|Olivia Craig|West|44908.64|0.84
1734|Kimberly Hart|North|91689.21|0.69
1735|Douglas Francis|West|93198.81|0.65
1736|Patricia Duarte|East|68381.42|0.69
1737|Andre Tyler|West|82159.31|0.92
1738|Chase Ryan|West|93150.12|0.81
1739|Spencer Barajas|East|72788.52|0.77
1740|Jason Cole|South|34575.62|0.92
1741|Michael Wilkerson|East|92283.88|0.69
1742|Robert Neal|South|55020.3|0.83
1743|Joshua Gregory|East|35209.56|0.64
1744|Cindy Torres|North|36524.99|0.8
1745|Lisa Cox|West|40031.96|0.79
1746|Russell Rodriguez|North|74715.42|0.85
1747|Michelle Brown|North|19959.09|0.88
1748|Daniel Miller|West|85781.38|0.75
1749|Kimberly Bowers|West|30472.76|0.93
1750|Howard Jones|North|88503.25|0.79
1751|Pamela Lam|East|43082.47|0.82
1752|Katherine Mathews|West|49367.79|0.72
1753|Wanda Sanchez|South|89204.41|0.9
1754|Benjamin Reed|South|12696.72|0.75
1755|Krystal Peters|East|73383.04|0.68
1756|Linda Brooks|North|67133.8|0.93
1757|Jorge Smith|South|77866.3|0.92
1758|Bradley Collins|South|31985.1|0.84
1759|Laura Miller|East|83040.86|0.63
1760|Dr. Lindsey Turner|South|18603.09|0.87
1761|Christine Brennan|South|26050.98|0.88
1762|Samantha Soto|South|10385.03|0.91
1763|Jason Evans|North|90413.62|0.74
1764|Stephen Schneider|East|39267.22|0.84
1765|Caroline Caldwell|East|29030.25|0.88
1766|Jessica Smith|West|72865.23|0.84
1767|Paul Shelton|West|49585.06|0.75
1768|Vickie Ruiz|West|97831.23|0.81
1769|Melissa Smith|West|22115.24|0.9
1770|Kathy Williams|South|29741.27|0.89
1771|Jessica Taylor|South|16273.0|0.94
1772|Andrew Hicks|North|59138.82|0.63
1773|Mark Shaw|North|88049.11|0.85
1774|Anthony Bryant|South|60444.24|0.91
1775|Timothy Beltran|West|99728.49|0.71
1776|Joel Barnes|North|52090.22|0.87
1777|Brooke Young|West|13772.32|0.87
1778|Mrs. Debbie Gay DVM|East|19559.47|0.63
1779|Christopher Allen|South|53267.24|0.69
1780|Alyssa Young|North|36538.48|0.79
1781|Susan Alvarado|South|80509.61|0.9
1782|Sarah Goodman|South|20222.86|0.77
1783|Kathleen Edwards|East|18674.44|0.81
1784|Peter Barrett|West|55795.61|0.76
1785|Alison Gardner|East|27718.63|0.81
1786|George Wright|West|67645.47|0.65
1787|Thomas Anderson|West|24004.06|0.88
1788|Anne Wilkins|South|55357.45|0.82
1789|Megan Ballard|South|95157.14|0.86
1790|Christopher Owen|South|45776.14|0.84
1791|Cory Johnson|South|22287.87|0.91
1792|Kimberly Hamilton|North|45670.0|0.62
1793|Travis Garcia|South|88387.91|0.64
1794|Ebony Miller|West|99495.7|0.61
1795|Amy Cain|West|88175.87|0.76
1796|Keith Roberts|North|154181.17266339046|0.87
1797|Michael Weaver|West|46985.56|0.7
1798|Jesse Hamilton|West|95172.32|0.87
1799|Joseph Padilla|South|53721.7|0.91
1800|Vickie Robertson|West|38730.3|0.93
1801|Miranda Morris|South|69963.63|0.69
1802|Craig Bailey|West|22014.97|0.7
1803|Michelle Sullivan|East|77504.05|0.84
1804|Rachel Thomas|West|76490.36|0.84
1805|William Garcia|South|41093.9|0.86
1806|Candace Anderson|South|96632.39|0.83
1807|Curtis Lewis|West|92892.52|0.87
1808|Bradley Vasquez|West|85790.38|0.78
1809|Diana Burke|North|51743.44|0.79
1810|Robert Rice|West|37628.15|0.87
1811|Matthew Moran|West|56045.88|0.64
1812|Robert Morales|West|52256.94|0.66
1813|Brandon Cameron|East|82288.82|0.8
1814|Heather Harris|South|57962.14|0.95
1815|Seth Larson|South|61165.15|0.72
1816|Jon Anderson|South|47781.05|0.7
1817|Robert Gomez|West|31345.72|0.65
1818|Christopher Patel|West|12367.79|0.68
1819|Ashley Campos|East|69091.4|0.61
1820|Stephen Wallace|East|88303.27|0.87
1821|Heather Wright|East|57591.1|0.74
1822|Jason Branch|West|57615.47|0.71
1823|Adam Ellis|South|86532.69|0.68
1824|Stacey Johnson|West|60515.23|0.75
1825|Heather Allison|East|64842.0|0.86
1826|Megan White|South|92664.83|0.78
1827|Carolyn Thompson|West|21117.24|0.76
1828|Gregory Johnson|East|68422.89|0.86
1829|Stacey Austin|South|53253.74|0.91
1830|Heather Phillips|North|60213.52|0.81
1831|Sharon Frost|East|89817.4|0.64
1832|Felicia Booker|East|33875.45|0.88
1833|John Jones|West|70526.45494440012|0.87
1834|Paige Kelley|North|97016.98|0.92
1835|Lauren Walton|South|38096.47|0.95
1836|Jared Morales|East|10298.06|0.93
1837|Adam Dunn|West|79447.61|0.74
1838|Angelica Hall|East|50174.38|0.91
1839|Ann Smith|East|23639.82|0.62
1840|David Howell|North|21155.69|0.67
1841|Adrian Nelson|South|68951.61|0.66
1842|Christine Garza|East|73334.54|0.85
1843|Ronald Wu|South|70612.82|0.65
1844|Kenneth Barnes|West|65670.97|0.7
1845|Marvin Jordan|North|90010.71|0.61
1846|Phillip Peters|West|20467.74|0.91
1847|Kenneth Winters MD|West|60295.31|0.8
1848|Richard Rasmussen|South|98422.23|0.68
1849|Samuel Rios|North|66234.6|0.87
1850|George Mitchell|South|74013.38|0.8
1851|Michael James|West|42411.35|0.81
1852|Amanda Davis|East|68029.32|0.9
1853|Mikayla Fisher|North|20179.49|0.75
1854|David Williams|West|59871.6|0.81
1855|Joanna Kline|North|21836.73|0.75
1856|Jennifer Butler|North|89228.22|0.62
1857|Vanessa Friedman|East|45054.23|0.95
1858|Jordan Smith|West|89730.44|0.9
1859|Rachel Morgan|East|254252.54072209797|0.81
1860|Tony Miller|West|78727.54|0.77
1861|John Hunter|East|19885.86|0.6
1862|Shannon Briggs|South|20379.97|0.89
1863|Nicole Graves|South|94049.78|0.77
1864|Kristen Good|South|97079.89|0.82
1865|Sandy Tran|East|63839.24|0.7
1866|Jerome Arnold|North|50077.76|0.62
1867|Timothy Moss|East|61999.12|0.68
1868|Catherine Barnes|South|96194.07|0.65
1869|Melissa Parker|West|72297.62|0.78
1870|William Conley|North|63560.29|0.81
1871|Karen Pollard|West|41149.96|0.71
1872|Carla Scott|West|67073.17|0.83
1873|Brian Scott|North|67170.85|0.65
1874|Cole Taylor|North|46717.51|0.93
1875|Edward Lewis|West|38486.16|0.67
1876|James Byrd|East|34049.37|0.7
1877|Brenda Sanchez|South|12345.04|0.75
1878|Andrew Cowan|South|19163.33|0.7
1879|Elizabeth Russell|South|72742.65|0.67
1880|Kim Lewis|East|23385.42|0.09132494585785014
1881|Emily Singh|East|37781.37|0.84
1882|Luke Wheeler|East|85687.18|0.65
1883|Christine Williams|South|25271.76|0.69
1884|Danny Le|West|98580.05|0.9
1885|Frederick Ware|West|91897.44|0.76
1886|Jordan Rodriguez|West|38744.69|0.88
1887|Kim Johnson|West|59522.95|0.68
1888|Jason Navarro|North|19007.21|0.66
1889|Patricia Martinez|South|97820.6|0.63
1890|Jerome Mack|East|49978.32|0.9
1891|Thomas Martinez|East|87184.37|0.91
1892|Tracy Becker|East|43179.67|0.85
1893|Kristin Chapman|East|35166.66|0.89
1894|Vanessa Smith|South|73246.89|0.64
1895|Rebecca Singh|South|26492.55|0.92
1896|Calvin Bates|North|97878.82|0.61
1897|Steven Santos|East|12456.97|0.73
1898|Samantha Jordan|South|13074.53|0.63
1899|Andrew Neal|East|55962.77|0.92
1900|Zachary Dixon|East|22287.63|0.91
1901|Donald Chavez|West|45294.5|0.86
1902|Gabrielle Taylor|South|34496.66|0.72
1903|Kevin Jimenez|South|74438.87|0.92
1904|Patricia Martinez|North|44404.07|0.84
1905|Travis Gomez|East|75885.33|0.74
1906|Victoria West|East|89855.61|0.8
1907|Katie Preston|North|212858.2325453319|0.83
1908|Amy Bailey|South|91190.82|0.91
1909|Melissa Stevens|North|21443.03|0.77
1910|Dawn Johnston|West|34230.64|0.93
1911|Gregory Jones|West|99553.49|0.8
1912|Austin Fowler|South|13353.21|0.86
1913|Caleb Evans|North|24527.92|0.9
1914|Kevin Campos|North|17316.53|0.76
1915|Priscilla Hall|South|70446.25|0.85
1916|Zachary Buchanan|East|88869.03|0.6
1917|Mercedes Marshall|East|98247.36|0.71
1918|Jordan Martinez|West|91421.19|0.61
1919|Michelle Branch|East|14867.16|0.92
1920|Natasha Green|North|94924.47|0.62
1921|Jonathan Flores|North|17600.0|0.67
1922|Robin Ross|West|67385.5|0.8
1923|Robert Fletcher|North|16623.9|0.67
1924|Margaret Jones|South|74300.27|0.83
1925|Kayla Walsh|East|98663.8|0.92
1926|Brian Gregory|North|15645.84|0.77
1927|John Martin|South|49021.44|0.61
1928|Steven Durham|South|13202.64|0.62
1929|Stephanie Ruiz|North|84966.62|0.7
1930|Chelsea Kelly|East|98936.41|0.72
1931|Mario Ford|East|62832.47|0.72
1932|Rebecca Malone|East|93769.0|0.84
1933|Tom Rodriguez|North|66354.29|0.67
1934|Jade Todd|North|18360.96|0.94
1935|Jennifer Peters|East|50137.35|0.7
1936|Ann Simon|South|72078.3|0.78
1937|Heather Martinez|South|55286.03|0.88
1938|James Martin|West|85968.02|0.63
1939|Amber Brown|South|91357.94|0.69
1940|Veronica Torres|South|17854.0|0.9
1941|Tiffany Martin|South|92587.04|0.84
1942|Dr. Kayla Henry|North|64325.94|0.82
1943|Katie Clark|East|93647.46|0.68
1944|Jacob Flores|North|95532.43|0.86
1945|Anthony Moore|South|92743.51|0.75
1946|Robert Thompson|North|72929.57|0.74
1947|Mary Brown|East|57884.66|0.92
1948|Susan Diaz|South|51575.1|0.76
1949|Jennifer Roberts|East|71183.25|0.7
1950|Nathaniel Rowe|West|39356.21|0.66
1951|Jeffrey Peterson|South|65318.69|0.78
1952|Mary Tucker|West|98815.44246389274|0.73
1953|Wendy Hill PhD|East|11478.9|0.86
1954|Courtney Miller|East|52448.18|0.93
1955|James Lopez|West|66561.45|0.6
1956|Donna Butler|East|83236.51|0.89
1957|Jacqueline Brady|North|88821.72|0.07161384954578645
1958|Jessica Chen|South|67738.86|0.93
1959|Janet Cordova|South|22904.27|0.76
1960|Jamie Murphy|East|88169.7|0.75
1961|Jason Barry|West|19222.07|0.64
1962|Mrs. Alexandria Farmer|East|85770.53|0.82
1963|Ernest Sanchez|West|91702.28|0.72
1964|Jessica Calhoun|West|37159.52|0.92
1965|Jennifer Hamilton|North|33327.89|0.72
1966|Christina Bartlett|South|69054.4|0.69
1967|Tyrone Johnson|South|90043.77|0.79
1968|Robert Payne|South|187479.369604593|0.63
1969|Jay Ramirez|South|14202.07|0.95
1970|Dr. Christopher Cruz|North|10498.67|0.69
1971|Clayton Clark|South|25708.11|0.93
1972|Sarah Daniels|West|73006.13|0.63
1973|Kelly Hill|South|14671.89|0.82
1974|Cassandra Norton|North|78641.71|0.69
1975|Douglas Matthews|East|16122.4|0.72
1976|Scott Wilson|West|71954.53|0.72
1977|Michael Hernandez|East|72703.84|0.75
1978|Erin Barnett|East|36739.1|0.87
1979|Amy Daniels|West|13992.1|0.81
1980|Patricia Howard|West|76394.38|0.8
1981|Alexandra Nunez|North|67989.97|0.79
1982|Kelsey Martin|East|81191.49|0.63
1983|Amanda Harrington|East|58673.52|0.8
1984|Phillip Brown|West|95613.21|0.8
1985|Caitlyn Jones|South|32450.81|0.8
1986|Gabriella Livingston|South|20974.44|0.85
1987|Mariah Kelly|West|89928.18|0.64
1988|Kevin Flores|West|20622.08|0.7
1989|Janet Ramos|West|58635.88|0.73
1990|Brad Gutierrez|South|18995.36|0.88
1991|Seth Mcdonald|East|56473.11|0.68
1992|Cameron Roth|North|17037.56|0.67
1993|Lee Jones|South|68952.99|0.67
1994|Darren Morris|South|48290.54|0.84
1995|Nicole House|West|95343.61|0.83
1996|Colton Hernandez|North|82006.53|0.61
1997|Amber Robbins|North|25098.12|0.64
1998|William Rodriguez|East|49527.16|0.89
1999|Stephen Pham|East|52694.36|0.73
2000|Edward Beasley|North|80503.14|0.83
1165|Lisa Smith|North|70599.17|0.72
865|Jordan Carlson|West|14315.03|0.66
1176|Tara Davenport|East|37755.22|0.9
1347|Pamela Roberts|North|71098.0|0.78
444|Carol Adams|North|72463.86|0.64
855|Angela Garza|East|26549.17|0.88
1999|Stephen Pham|East|52694.36|0.73
1348|Matthew Lopez|South|54891.51|0.86
434|Jamie Mckinney|East|78738.71|0.92
1880|Kim Lewis|East|23385.42|0.74
1001|Cristian Vaughan|West|85519.59|0.69
743|Susan Gomez|South|68790.49|0.89
1334|Harry Stephens|South|92070.81|0.82
670|Erin Davis|South|30233.54|0.66
979|Antonio Browning|West|49573.29|0.85
1417|Angela Dominguez|North|96299.12|0.8
999|Maria Mullins|West|19721.77|0.72
964|Rachel Hanson|East|64858.25|0.78
1811|Matthew Moran|West|56045.88|0.64
1757|Jorge Smith|South|77866.3|0.92
1865|Sandy Tran|East|63839.24|0.7
795|Darryl Sanchez|South|57662.06|0.66
383|Sara Morris|North|19297.3|0.87
891|Julian Romero MD|North|22703.25|0.91
1067|Brittany Maldonado|West|61035.97|0.85
1390|Jessica Leonard|North|91425.74|0.85
152|Shannon Jenkins|West|26234.17|0.64
363|Ryan Kelly|East|21724.15|0.92
51|Jason Rivera|West|62591.41|0.91
692|Elizabeth Franco|East|45592.73|0.87
145|Brenda Walters|South|85916.97|0.76
1023|Rebecca Robinson|North|93328.1|0.94
35|Melissa Rogers|North|27109.95|0.9
855|Angela Garza|East|26549.17|0.88
880|Kevin Long|West|68092.09|0.8
672|Megan Henderson|South|15930.42|0.74
133|Bradley Parker|East|50046.2|0.84
958|Adam Gonzalez|West|38635.03|0.64
1856|Jennifer Butler|North|89228.22|0.62
1553|Amber Stewart|North|28679.63|0.77
1913|Caleb Evans|North|24527.92|0.9
938|Brandy Baker|East|95422.85|0.65
1926|Brian Gregory|North|15645.84|0.77
869|Ashley Johnson|East|47717.01|0.72
154|Juan Brown|West|27656.46|0.73
1281|Dr. Kenneth Berry|West|97151.46|0.6
1952|Mary Tucker|West|34950.97|0.73
995|Emily Russell|West|67485.42|0.65
460|Steven Lopez|North|51153.98|0.82
1158|Donald Shelton|West|56277.21|0.79
1291|William Hernandez|West|88487.39|0.85
386|Thomas Anderson|West|79116.1|0.79
1113|Brandon Craig|North|52711.85|0.86
153|Cynthia Owen|East|81619.12|0.94
665|Barbara Obrien|East|30647.44|0.75
1738|Chase Ryan|West|93150.12|0.81
184|Gary Hendrix|South|30107.44|0.95
724|Jenna Brooks|East|80974.64|0.71
1839|Ann Smith|East|23639.82|0.62
1287|Kenneth Carter|North|65153.28|0.94
592|Melinda Garcia|East|26917.13|0.8
1477|Stacy Jenkins|North|53983.53|0.73
1845|Marvin Jordan|North|90010.71|0.61
835|Edwin Zuniga|South|99189.91|0.91
1863|Nicole Graves|South|94049.78|0.77
103|Erica Taylor|North|79382.31|0.61
1700|Mark Mcdaniel|North|54790.21|0.68
138|Michelle Jones|South|45942.39|0.71
954|Lori Golden|East|27346.76|0.7
881|Jordan Johnson|East|91148.93|0.69
1128|Alicia Black|South|22908.08|0.71
1773|Mark Shaw|North|88049.11|0.85
1775|Timothy Beltran|West|99728.49|0.71
1460|Jonathan Jackson|East|50322.85|0.61
872|David Gregory|East|35417.81|0.88
1678|Jonathan Hunt|North|31155.37|0.68
1125|Marie Burton|North|53145.9|0.68
1757|Jorge Smith|South|77866.3|0.92
398|Linda Reynolds|South|53350.01|0.89
889|Stephanie Wilkinson|South|30018.74|0.67
767|Joseph Black|East|87153.04|0.72
1286|Michael Morris|East|26047.25|0.64
1082|Mark Morgan|West|46372.18|0.93
1340|Joseph Perez|East|13293.16|0.88
1102|Heather Wang|West|95559.05|0.91
523|Ricky Fields|East|84563.72|0.64
1001|Cristian Vaughan|West|85519.59|0.69
379|Ethan Hutchinson|East|85714.69|0.61
4|Mark Miller|South|47485.74|0.74
1028|John Franco|South|70848.17|0.94
639|Bryan King|North|39294.73|0.75
632|James Meadows|East|55631.77|0.92
603|Nina Porter|North|68661.57|0.76
1311|Kevin Lawrence|East|25108.74|0.66
173|Mary Johnson|North|11392.71|0.91
867|Kimberly Martin|East|13493.95|0.68
207|Eric Dillon|East|48419.37|0.68
1347|Pamela Roberts|North|71098.0|0.78
1802|Craig Bailey|West|22014.97|0.7
394|Amy Pineda|North|48320.49|0.69
289|Amanda Boyle|West|54440.22|0.78
82|Mackenzie Frederick|North|98232.48|0.77
1523|Mr. Alan Howard Jr.|South|60653.65|0.74
1767|Paul Shelton|West|49585.06|0.75
800|Tracey Marshall|North|99283.49|0.63
933|Jeffery Hughes MD|West|32620.97|0.85
91|Sarah Robinson|West|17704.54|0.89
933|Jeffery Hughes MD|West|32620.97|0.85
817|Taylor Graham|North|34218.2|0.77
995|Emily Russell|West|67485.42|0.65
870|Aaron Reilly|West|21219.22|0.79
859|Aaron Kim|North|88495.68|0.65
686|Stephen Lee|West|62348.26|0.73
580|Joshua Wilson|South|83402.73|0.67
592|Melinda Garcia|East|26917.13|0.8
640|Amanda Erickson|South|55430.34|0.84
527|Matthew Anderson|North|33868.74|0.77
673|Jackie Morgan|West|34925.48|0.9
1994|Darren Morris|South|48290.54|0.84
574|Justin Holmes|North|24326.02|0.9
1792|Kimberly Hamilton|North|45670.0|0.62
548|Brent Miller|East|70240.46|0.75
1713|Jason Hobbs|East|18504.42|0.85
1184|William Green|West|89013.41|0.82
1274|Michelle Cunningham|West|43629.27|0.76
643|Brenda Moore|South|50276.55|0.62
1350|Ashlee Spencer|West|98345.84|0.75
1975|Douglas Matthews|East|16122.4|0.72
1542|Katelyn Barnett|North|10279.06|0.86
1048|Kenneth Higgins|South|79516.99|0.84
20|Lisa Taylor|West|56554.73|0.66
1366|Jason Smith|South|30869.75|0.77
524|Christian Gonzalez|North|50817.37|0.65
515|Ryan Gray|West|27170.82|0.76
694|Megan Bradshaw|North|60175.03|0.66
632|James Meadows|East|212357.60763484935|0.92
406|Heather Wood|North|55510.61|0.93
796|Christopher Rodriguez|South|10241.13|0.61
1432|Nicole Hamilton|North|81133.36|0.73
842|Jenna Thomas|South|28177.27|0.94
1626|Melinda Pena|South|55646.13|0.77
1081|Dr. Gregory Dunn|West|48069.71|0.8
1464|Nicholas Gay|East|89703.35|0.81
1911|Gregory Jones|West|99553.49|0.8
470|Timothy White DVM|East|44900.13|0.62
824|Jimmy Parks|East|92174.25|0.71
1265|Nicole Jensen|East|52428.18|0.73
380|Eric Shaffer|North|42210.35|0.83
1315|Michelle Fitzgerald|South|68914.87|0.65
698|Elizabeth Ramsey|South|85586.82|0.84
1548|Mary Ramirez|West|73653.75|0.66
1129|Erin Roberts|East|67668.25|0.61
275|Amy Meyer|East|22239.42|0.84
1434|Michelle Johnson|East|12565.61|0.74
759|Matthew Watson|North|74245.17|0.78
1690|Todd Smith|North|61760.38|0.62
1079|Daniel Miller|West|98982.38|0.69
402|Bradley Murray|West|72395.38|0.83
847|April Roberts|North|69478.04|0.67
779|Daniel Kelly|East|40602.8|0.66
711|Jeremy Thomas|East|20649.93|0.75
1353|Javier Chen|West|99684.77|0.69
719|Dylan Lewis|West|31951.55|0.74
1852|Amanda Davis|East|68029.32|0.9
631|Danny Francis|West|13408.74|0.83
1768|Vickie Ruiz|West|97831.23|0.81
1250|Tara Moreno|West|89098.93|0.84
1965|Jennifer Hamilton|North|33327.89|0.72
1152|Heather Hamilton|South|62710.38|0.8
1437|Nancy Hall|West|82691.35|0.94
324|Adam Mcclure|North|11708.81|0.62
1684|Christopher Arnold|South|24297.25|0.93
428|Amber Carpenter|South|15010.91|0.86
911|Taylor Hendricks|East|96616.06|0.94
1359|Dan Wu|East|75762.92|0.82
1088|Brianna Ramirez|East|74885.88|0.68
707|Jennifer White|West|12950.33|0.78
497|Brittany Hansen|North|13365.47|0.61
827|James Smith|West|55808.44|0.84
1760|Dr. Lindsey Turner|South|18603.09|0.87
112|Matthew Kelly|East|18581.24|0.61
1480|Shannon Butler|West|26685.14|0.86
1555|Matthew Mcintosh|South|16694.26|0.79
1904|Patricia Martinez|North|44404.07|0.84
1461|Julian Jones|South|40552.25|0.84
800|Tracey Marshall|North|99283.49|0.63
603|Nina Porter|North|68661.57|0.76
302|Miss Erica Horne|South|87998.78|0.94
39|James Johnson|North|56564.59|0.83
1364|Tristan Beck|East|71500.56|0.84
857|Barbara Garza MD|North|29103.05|0.61
111|Benjamin Hanson|East|41050.85|0.66
1150|Hunter Martinez|East|14395.32|0.65
1652|John Cruz Jr.|North|12079.26|0.79
688|Elizabeth Turner|South|81373.43|0.74
962|Amanda Andrade|South|28150.82|0.79
948|Ray Travis|East|95697.29|0.68
1990|Brad Gutierrez|South|18995.36|0.88
1647|Bailey Roberts|East|58316.54|0.62
1047|Tom Barrera|East|21616.13|0.76
396|Noah Daniels|East|33736.97|0.84
650|Kelly Bennett|South|47944.56|0.74
732|Mrs. Jessica Bennett|West|68210.42|0.74
890|Scott Peterson|East|24150.18|0.94
1627|Kelsey Ray|South|91797.62|0.75
943|David Short|East|51261.0|0.71
1636|Christy Prince|North|83904.99|0.9
569|Julie Roberts|South|62354.57|0.62
570|Steven Gonzalez|South|45142.34|0.7
